id,name,start_date_local,start_latitude,start_longitude,type,distance,summary_polyline
0,name,2019-07-15T18:50:47Z,40.655239,-73.972084,Walk,5152.8,encwFptnbM@Eh@]P@DCR@PG`@GfAJn@V~@FXDNARGXCf@Gv@Y~@o@V_@NYVgAHmAAi@E_@SoAW]So@OSUk@Me@WWGOUSOWa@[c@{@So@Uw@Ko@Cm@QyAKsAWyBs@sCQe@]k@AGU]IUOSOGW]{@u@OSWQg@YaBm@UIkAUGIGAe@Fg@AQFk@DINUHO@mAv@i@TKH[Hk@Lm@?wAQ[@]J_@P_@X_@Ls@h@YNc@LWRg@TM@u@Z]\a@HiA^yAv@y@PW@m@A]BUAk@Fc@Pa@VUF]VYBYHc@Vg@RQFi@H_@Js@d@[JMLWHOVa@b@e@n@ED]p@QP]dAKLGNIHQ^Mh@MVY\o@Zs@JO?c@ESBq@VQV}@Pg@BSCu@QiBeAq@YMC}@?c@HMFYRe@f@MVQx@Ch@B`APt@D\JTBPFJ\NVRZNh@^lA`At@fAf@^|@h@x@ZzBVh@Gj@Df@AjAWNCR@TKn@Gn@LLJTB^PFPNNNVb@XFFRJbAbA|@l@FPR@FFXHVZVTLTJJLFPTVTZb@XVj@\NTFX\j@Tz@\z@Zp@ZbAVl@\j@f@n@bA~@LHb@TZJP@d@CZEb@O`@]`AmANa@\yB~@aEPa@\o@j@m@JQL[PeAZo@\k@JM\S^c@BO?UD]MoACI
1,name,2019-07-14T11:01:24Z,40.671393,-73.962125,Walk,2322.4,esfwFhvlbMN_ABi@IQu@_@?G?SHUBSCE?YJ{@G]Ba@BYPi@Lm@PaABa@Nq@RmAP}A?OJcACI\gBBWJ_@PoAZqARgCCoANoD?yBJoAAOFc@@u@Ea@Fu@@aADg@Am@@iBNuA@s@Cc@De@DwACQDcDFqBIIY?]Ns@MOGe@DOMKCu@A]EMEOMu@S}A@}@GsA?]AWGUO]Ea@?q@G?_@Di@Aa@DUBoAFg@O}@Eo@As@EMCC]O]GCBI@g@Im@a@KYUISSi@GWOOCc@CGCIYe@ASEe@Bq@A[CMGOCU@MEY@u@I}A@m@AGAQG
2,name,2019-07-14T10:00:16Z,40.678509999999996,-73.94422,Walk,8597.3,u_hwFjfibMDCj@CL@ZErA?VGDDDR?TE^?VGRBPBr@Cb@Fp@GbABd@K~@@t@BRE^An@Bb@GvABt@EvEBLCJEv@Md@@^ElADj@@n@Dt@Ab@Ij@EbBWd@Ex@OHCn@Kn@En@Of@?PEf@Bp@Az@O^?|@Id@c@zAYzBAP?r@I\?XKt@@PG|@Mj@]hAE^I~AGLGZKRKnCM\GXA^Ij@Af@[hAMnA[nBEf@GPIhBBR?^OZMv@QL?LCFM`AKj@WtBSl@ECEHK?BODL^TN@XHj@BHFd@DD@HTTFNCXNl@Ld@Vf@D`@Lz@L^L^PX@THTB`@Ld@APRLBt@`@bANr@\p@HXJNEXDBDRJ~Ab@hAPd@\\FXLd@?b@VRBf@GZKFBNCLDH\ZV^N@FM|@Cb@FlCp@xAZNNd@RRFb@FJT?x@Oj@T\HVNj@l@LVh@p@d@`@\N\V|@d@\b@|@x@b@j@PFx@j@`@D`B^d@BLH^CXFd@E~@@\IT?f@MTD`AGf@F|@b@PNj@p@n@hAf@f@LJp@L\Zt@^TRDH`Ax@DNXTfBdCr@fBX~@HTHJf@vAh@bAd@j@RJx@x@VPVAXH^B`ASb@[z@gAb@uAD_@@o@NiAAORq@l@yAb@c@HQb@c@`@}@ZaAb@}@h@o@VSz@c@f@In@EZD~@?RD`B?LChA?h@SfAu@n@}@^a@v@m@x@a@j@G~@Bz@LVJvAHv@Ap@M~@g@l@q@Ze@LYJc@B]Cw@S_BQy@KY]i@GU]c@GQIK]o@[WWg@KUU[K_@KGKm@Se@KeAKa@Gm@EWAWG[Au@EKQ{AOc@Ic@_@iAISKIG_@UYe@_AW[GOa@WMUWQg@Yo@c@cAa@YUu@Ua@CmAAkAT{@X[Fg@Xg@N_Bp@WBa@C}@Og@@cAh@{AbAe@NmBdA]HeAj@aDlAg@NQ@e@Fa@BOC_@DOEy@F_Bf@cCjAs@VEFq@VS@[Lc@VMNe@XsAvAe@|@KXQZMZMPARSZSf@}@fA[Rm@PwAEM@QDa@Xc@LSL]HYBy@Qw@e@[AaA]wAKYBIBg@v@_BpAa@@OD
3,name,2019-07-11T20:21:04Z,40.678655,-73.944271,Run,6503.9,q`hwFvfibMh@BRATk@ND\@PFFDNFh@DJBNKNGR@FJXEN?NPTDJNFfAKlADvAG~@?b@ENCdAER?\JjAEtA@h@It@Ch@@n@I|BApB@h@CJGbBA~AE`@FlAEp@OfA?bAF~@ETQ\CHOrAAHGHSjB?z@QrACj@Ap@GXOVMJSn@G\KlB?d@Eh@Mt@EpAKp@UdA@^Ab@BZEZKf@C^Ud@O|@ElAGr@K^?VGNKhAIZIhAKj@CBIn@IRCTELOrA?ZId@Ar@Of@CZGVG|ACNGFOb@Cd@GNI`@MhAKf@UhCYpBQx@UhCE\ATEROZCRIjAOxAc@lCg@|BEt@?|@El@EH_@xAIp@GLGn@UdAIp@Bl@GjAB^Aj@AHSd@QNAJEL?^I`@AN?jAYn@LNCTAFSNIXSVg@J[?MB_@h@SLQZMAQDMFs@PSJ{@tBEC?GReAVc@TI~AiA|@a@HIAIDIRMr@]^m@HGBEA[BGCC@GPK\m@GQ@MFMRUD_@X_B\q@TaAB[DE@QFU?m@Ei@B[AYL}@AOFc@E??IHCFi@\gAA]HDRy@CQZyC?SI]Ra@De@@m@T{@JoBVwARq@NK?GDa@Gy@BUHa@@UXgAPqABc@Jg@@SBKD?Bc@CWHs@?SD_@TsAN[BWHUBu@Hs@AYNmAPeA@[Hq@ZeADs@Hk@@k@Jm@@YJ_@Fi@RaAL_BNs@RwAF}@j@aEDi@\mBA_@B[CUFMBWTQDIFu@TmAF_AEu@FEAa@ESFDH@N]JuBDSAYGI@IRcANyCA{ALy@Ak@Fo@Ae@Bg@C{BB_@Lm@Ei@DoBA}@Dc@ASJqCA]L{AD_BCO@yADa@DgA@mA@a@Jq@?QCQIGECW?UIYEWUMG{@Fq@KIBkA@{@Ki@@
4,name,2019-07-08T20:40:41Z,40.678581,-73.944226,Run,19363.5,c`hwFlfibMnAi@jACrAj@nBE\`@pAKhCJ`AIzA^nAWx@ZfBL`DQjCRdCd@jHT^VIbG@pEOzDA|DSlDA|DOd@MnLIp@]vJ_@~Ba@|AWhD@lAmArJM|BAlBw@~Bc@hEs@|EUr@E|@kAjFm@nBq@vGBTXPIh@@vDRz@d@t@`@XPbAVHxAOj@Hr@f@v@vAf@j@zAt@dAVj@lAbAhA`C|@v@`@~BJbC_@rBIdAd@hATtAdBvAp@jAlAb@HzCrCxA~BlBhGh@fAfAtAbBbAzB?t@e@f@q@r@yB^qCj@kBr@kAx@u@nAsDzAyAVw@C{@q@mAi@MqAmAs@y@{A{@y@sBoA}Ae@BsCi@iCcBUe@O_Ae@mA@wANy@?sAOoBWgAC_Al@cCnA}AnE{A|H}D`@IrCDvEqBbB]hCNtChAfBlAvChEr@~Bf@lDFzAt@nEhAzC`AhAtAbCj@|BLpBA\WnAg@bAa@b@{@b@}@H}BGsBm@_BVwAz@aBnBeAv@qATwDCiCWWWOw@}@qBmAoAmCgBw@aAo@cBc@g@k@WmBEkAUkAg@{@kAMgA]yAEgBTkB[iCSiAHmAXuAEc@sEVuD|AeDz@eBdAiBnBOn@{@rB{@lAQh@q@p@}@PwAAkBx@eAJwA]wAaAoBKuAh@u@fBHDt@_BnAs@bAHtE~Bj@I`C}AtAHtAWVQn@oAz@wC|@mA~@iBfAo@ZChBw@n@m@dADt@u@`Bm@fCSlAZWz@E^Bz@`@fCBhFP`B^`BPh@bBhCrAb@zA@fAn@f@`AzAlB`FnDx@lBx@lAjBZ|A?ZQ`A?dAYZBpAuAx@yAfAo@hA[bAFrCv@bCGVWv@[`AqANm@FcBCsASoAsAmC{B}C[cAi@iC[oDo@cEeAaDwAoB{CaC}CkA{ASaCNkC~AgBf@gDAaExBqDtAwBnAyAj@kBPaCBeDfB_FbB}@h@c@fAqArA}AtEaAv@gATkBH_Br@}@LqCm@sBaA{@Ii@^q@lAeAbAm@V{BHk@gAq@u@a@{@FmBh@_Gn@}BV_Ch@kCD{@OU@QLmA^}Bb@aHT_A\{Ch@cCvAqMn@{C`@yDTcALgJX{GEsAHkABaGV_FDuHSKuGWm@UgC@Ie@TcAG_BLoGOo@c@]oEo@qFE_Ea@wCAkAY{EEcBQ
5,name,2019-07-06T08:46:22Z,40.678258,-73.944106,Run,9483.9,a~gwFteibMz@Gh@Rn@?f@H`@Cp@FxAH|A@HDBLE`AERBv@MfBB\KrAD\B~@Q|A?`@IhBBfBEz@AfCCf@?b@Kt@@dAIhA@lDIn@?n@EXGbB?z@_@|Ck@rDYlAMjA?v@OzAG`@]bA?j@S`ADzAOdAEnAQz@Ql@Kt@Kb@Ep@Md@El@ITKrAEPMP@lAQn@AVUhACl@K\S\BXAdBEVIPQv@EdBI\?h@GX?XGTAn@IRKj@Qh@Cv@YfASlAO`BEJMhAAZQ\C\@`@Wz@MJI\KhBUnBUxDYhCOf@Cv@Mf@@ZE|@@JCL[h@MlBDLCHaA\EHCl@SnAGnB@f@CJIvA_@dAOdABXMr@e@`BKp@O^K`@Wr@S\Kl@UXKl@Sd@Op@Yf@WjAk@vAGTC\Uv@Wd@M^Qb@ONO`@Er@c@tBKv@Mf@Cj@Md@Wl@CTGROHYh@A^Sd@Gl@ORW`Ae@jAGv@s@|BI`@?TM\AJKVGb@MVER]l@KfAc@t@Qn@Wh@@Li@nAGt@[`AAZ]n@K@MLu@YMMoB{@{@YcB}@i@o@iAm@UEMMe@QSOw@M_AmAIIKA?H`Ab@f@BVd@\b@~@XVPTZ\JZ^VLx@t@P?p@b@hApANDLU@OZeANaAl@kCXFBg@Xy@LcAL[DUFIBUHMh@wA\qBn@mCR_@R_AT]v@cCNcARa@b@oBTs@Lw@vA_EPaAXy@Jk@J_@BQJWFe@Vg@Jg@N[Lg@JSRiA`@y@`@mAFe@HWRa@VsAj@cBD_@`@wA`@kARQBq@C]H]@UE]L_@H}@J]?OTw@Hg@HoAG[HUFEBy@Lw@ASNw@AUd@oC?Sb@kB@{@Re@b@oCN{A@}@Hw@EY@Mb@}AVwABw@Py@FQ\qBHgBLy@Ne@?UHw@?UDu@Po@TqB`@kBJm@d@uE`@sB`@eETqAh@oERkAn@}FH]Bq@Na@Fw@VkBJ]?_@H[D]HODo@d@wDTgCHe@BqAEk@B[Aq@Jw@Eq@P{A?{ABo@EqALaDJoAAmB@eAHcBCq@J{A?i@Fk@Ei@F[A{AFy@EyBCGUMMCIK_@Gc@BkAKg@[OWc@NgBK[R{@IEBDDl@ATD
6,name,2019-07-04T13:58:46Z,40.678492999999996,-73.94415,Run,6485.3,q_hwF|eibMLBRAHEHKNEn@@NFL@j@EF@@FBFTFhAEP?ZJd@F`AUj@?r@b@PFz@DTGJ?VPHBL@LA`@FDFHBHA\WJMd@MF?ND`@\PHZ?j@J^?HCLDNANBNGTAPFh@?DBPAj@N\ITAp@Nj@HRFLAL@XI~@@NE`@ZN?`@JF?RIRBHCH@ZT@H?f@El@@n@EhA?VGr@@xAE^@n@G|BBXEb@?PGT@LKbA@f@Ct@Ef@AnAEX@~@E`@A\@f@IpA@ZAL?bABLKtCF~@EV@^E\Bl@ET@hAG\ApBGfAOl@EdAEVM`@SzAKVM`CIXE\EpASlBAb@Il@Up@Ix@C^[fAARGTKlBI`@@HKf@KVOtACp@Qx@MdAEr@QpAIhAS|ALr@@NC^Sr@SdAM^Mt@Qh@WnBQn@Ej@Id@ITQ`ADbAHbA?dADZFXR`@DNBDRFFFN\Hh@Bb@Lp@LTL?XE|@r@LFN@DDOAOEs@q@UEQ@ECEOKKCGCc@Kw@Mi@{@qAQ_@@u@Ca@?YJcAL[D_AH_@Be@?oAXsABO?g@h@oC^sAPeAZy@Dg@N]Jm@VwBFy@c@FKQ?SJg@XoB\cDZqBP_BRkAReBDk@RsAH{@XwANwBZcBP_BJe@JaAAWS]FM?o@Go@DsABY@aAD_BCm@BmACo@B}@H{@?q@Fo@AQB}@?g@HgA@wAFq@Am@HoB?w@Fk@AUH{BEa@@a@B]BIBQCUIY?k@B}@Fk@FeADqC]IeAII@_@C_@Ie@GSAMCE@_@YEJE@MAK@YC_BVi@QkAEy@Be@UW?e@GaAAk@IM?[FYC_@F_@@[WKCiAGaAES?k@Eo@F[?[EOGe@?c@B_@AWDSMOEU?aADy@Uk@E}@?]B
7,name,2019-07-02T21:58:20Z,40.678652,-73.944186,Run,6047.4,q`hwFdfibMWKUCq@?o@Sy@Ek@AWEATGt@@FOz@Eh@@fAA\Hd@@f@ChCGp@Cd@@VEl@@|@FTGJC`@@bAGrAOdB?hAMr@BNETDD@F?t@GbADdCC\CxAGd@@PG^Fd@Id@Ab@CFCd@Il@El@S`AIhAIVAPEZYd@MJERHL?FOn@?x@@j@ERINGZ@l@Ex@@XE\O^ERGr@Kl@Eb@QhACl@QnAQv@Kz@Qj@ETE|@GRA|@ShAIz@I^?j@MrAAVe@nB@lADDAZQd@Eh@Mr@Gh@KXKj@Sh@GbAUpA?XK\EXEL?ZSr@@p@UpAMfA@f@CFANOXKb@C^EBAFCd@KVQN@JKRCPGHERC^S\ERO\Sx@E@Mb@ILIPq@|C_@`AG\Y|@_@`BS\YrAg@bBMNEBGZYp@Gp@Gd@Od@MJEJALMp@M\A`@Ud@Y`@GVQZ_@bAM@B{@BIH[POXeALOX{@R_@FWDq@N]BQV[LKJs@FkAL_@R_@Vy@Ju@Ro@Jg@t@sBTiALc@j@}@FSPu@FM@[FW?IHQBQXu@Nq@DWX]`@_ARq@DARcAHUHaATi@A_@EYJiAh@eB`@sDDsABE?OHy@\w@@IAS?g@Ba@Vu@RaAAW`@qEBaAb@qDGk@@I^_@Ha@NkA@{@ReA?QRcB?Ud@eBB_@?QB[He@Pk@RcAFw@Ty@@QDCEWHMFQFy@TmAJcBFK?KPu@HsAJw@La@CgBEUCwCGWCs@Mo@@YCSFCBK@WRk@@KBg@G_@AQHs@ASLKHYJKDMJ_ADeABe@EMA]Hk@?KDc@AWDSCYGQ?ILeAEe@FyD?_BBUDOKc@AWBSG[Jg@D{@FOFEHAX@fAH
8,name,2019-06-30T20:28:14Z,40.678055,-73.944062,Run,17241.4,y|gwFleibM`@X|@Gp@p@zGBFfDQhDBbCUt@K~ARnCMj@JvAKfAMhDHj@UbEHpBKfCQlAAzBm@`Ce@nEg@jCKtBWfDO^CnAQbDSdAw@dBy@jFMzCm@tCWhEeAnEIbBq@zE}@tK_@~AMtBo@tCg@zEw@vEIxBUd@UnBs@fBGz@HpBWpBB~@oAnDaAxDIt@wArE_@lBe@dAs@pAg@pBS~AYr@QdA{@dBu@vDe@v@c@vASvAcBvFmArCmAtFQ~A_AxDaAhAgAzEcCmBu@[o@m@eAWa@e@u@MqAcA]o@i@a@]Ge@ZYWE[i@Us@CaCaAc@{@mBEc@QWLYQOc@cA\aAIgBNqAc@y@Dg@QW`@Q?aEi@YVO~@_@z@JhAE\g@hAcAKkCNoFWkFJwAlAe@r@m@~AcAxA{CbD[n@sBfCkAfAq@bBiCfDa@~@cA~@_EbG_B|AiA`BYn@k@b@Sb@eBhBWn@w@~@G`@qAjBe@XaDdEY|@oC|C}@fBuAnAyAjCi@b@iDbE{@zAgA`@i@GSg@o@_@e@cABOKAEFiBcAYq@OgAWa@gDuB]HFkAdBuBbA{Dd@s@E_@\oA`AsCSaBVs@BmCP}@GeASoAHkCK_Aa@o@FiAc@kBOIg@RmEwBW`A@nAc@n@[MUFYn@ObB_@j@@^]z@\h@n@^h@FPi@v@m@lAaBdEqCvDaBxB{A`AQbFaCl@GbC_Cz@g@nDwAbDmBX?V[r@_@zAU|Aq@L]`@k@p@k@bC_@t@e@hEuAl@q@fE{@n@a@fAAn@cAt@[pBEbCc@tB{Af@w@dA]hBVpBa@z@f@|AHXIxAJr@Mr@`@Jj@nB_Af@GfARb@Zt@GjA^|D?PRf@Av@f@lAT`Ag@b@g@nARb@KX^p@T~AdAnBVv@Kb@Hp@d@Jh@hDzDl@`@`BXpAp@|AcH^q@A[p@iANgA~@gCLaAx@cCPSfBcG@qA`CaIVu@l@y@Ac@`@}A^k@LwAb@iBVa@|A}FpA_DLaAhAaCf@aBMu@n@uBHaCNk@RsCh@sB@cCd@gEb@k@EmApAsI\uAHuCPmBxAkINaCKmAt@qBjAgJvAqLVcA^sEl@uEfA_H\y@GkCfB{LNuDC{AT}ACiJVaEIgBJ{@FaFFm@JcJKK}FUkCH
9,name,2019-06-26T20:17:52Z,40.678515000000004,-73.94416700000001,Run,8051.8,u_hwF`fibM@FFGTILMJAFDf@?VPNCNDLAPBNJ?HDHTJd@MTDZC|@Dl@Ev@FZAbAPZ?j@J\AXDLP?T@J?VBTAn@Kr@K`@Av@EZMd@QFANDDRhA@`@Mt@@FCJCh@G^Jr@EVKP@^CTDp@Ed@@VA~@CR?v@Ov@AN?`CHtABnBEhB@d@IvAB\?PSnAENGFK\Ch@Sz@?NQrAUn@@PEr@@REv@CPB\BFf@VRP^D~@\bANRFv@NNFDNOp@CVGXKbAC~@ELKhAMh@It@Q\Gl@Cn@Kh@BZJLTLHHDLLFDH|@RL\HXFJRDT?x@TJC?FX?f@HTAr@XZAb@@JRPLBFAHOtAKVETKPI\IJFRZLFATDLGx@Rb@Dv@?PIR?v@KHBbAG|@MVINBxASZ@NIXDNNv@OLBNCl@Jx@EdAe@|AA\If@Al@[\D`@KD?DFFAj@Wl@Mh@AvAI`AOP?^MP?b@GfA_@|CEJJLn@ITATH~@DP@d@DPCT@NNTHFEDM?MFWVQd@WXGLBZVz@V\AFQTE^DRP\VTBDIl@BFE\KTUTcAj@e@\I@WLMN[PWJEEKJOCOPEBG@IEQDSN]LWTcA`@STAHEFBEKDG?]NIPSRYd@MNIXMJELGD[`@]`B[x@i@d@OZOH[BSHQLSCm@FQE_@Fo@`@o@X}AI{@c@c@Mm@WUAUEW?s@Ia@JU@KFUVWj@]^[T}A^aADKKOk@Sa@]Io@sAGa@?c@Iu@B]A]CUF}@Iy@Fm@ASR{@TwAP]Dc@JWH]Tc@Xs@No@Fm@CW@SRgAFc@VcAFw@Fa@HcAHq@?O^qB?g@GSEACa@DO@WFO@QPi@JgA^}ABYAUDw@RcABiAN{@?UBSDMVoA?k@B_@?WFINg@D_APo@Bc@HY?y@Hc@@[DGC[HiACmAFi@?a@CYBc@Ac@@GDGIK?I?y@Di@Cw@?s@LqAFsCF]Fy@@cCHkA?yAFw@A{@F_A?gABSCcBFYCoAFcBCiAVmCFwAQI_@DKDg@DQGy@@UGs@Ho@Qk@DQGSBSAUImBCQ@y@WiBSS?SIW@QFwCEQAo@Qe@?e@H]EMG]Au@@WFa@SOCcC?YKu@Mc@D_@AUGi@Eg@?i@GoAD_@IY?MC
10,name,2019-06-06T20:17:56Z,40.67856,-73.944153,Run,11211.3,}_hwF~eibM~@CTGTF`@CZDVRv@ATF`A`@NYLCn@ZTR`@Ff@@POx@I\LJGl@BXPv@Rj@GfBPr@?LEf@NbBO|@NjCNXCl@JfBGxADlBXf@@d@R?rAGjA?n@MpBH`AMtA@p@MhAHzAKf@A`BKrAIlBS~@Dt@@zEG~@CjC@b@Iz@ErACtCDXIdCQ|BYlAOzAUbAKbASt@Cx@MlA?`@SdAC~@[dB?^CDA`@Un@SxAI\Gh@Bn@CZUn@]hC?Xa@fE[`B?LIl@FDLZYt@Oz@_@`AGb@Wt@IZCr@KTCt@[bA?`@EXC\HzEf@vAj@`@LRZjATBZKv@EHXd@Xd@@TTn@tAlA~@hChATP`@t@r@x@vChAj@Xb@DZEZ{AbAg@~@LtA]XQd@Md@@jAh@P\MbB?`@t@^p@~@b@h@h@b@NFX\ZDVLPLb@r@NL^X|@\XXn@~@f@jAd@tBTRn@lBTf@XRbApAzA|@n@PX@v@OXObA}Bj@yDd@mBP{Ah@aATUl@e@`AmBx@}@tAo@l@SpA?vAPlAI~A@~@]\Y~@qAZm@HaAc@H]I_ADo@UOMQk@]{Ee@}@o@{@eBcAm@EQIyADYKY@]Og@DyAISFaAWw@HuAj@]TOZUVi@H_@PcABaAg@SUMWk@g@]qAO]Ke@GwAN{@Ak@Kk@?[Km@Ei@Qw@Ek@DO?m@Pu@Dk@AKo@QO@SJ_@@SEa@D[J{@f@]DaAb@_Bd@MJY@oA^{@`@SVa@Vo@`AMh@ON?JKRG?WbA]d@[`AaArASN_BHw@H{@XOPu@XqAM_@Oe@_@e@Cu@[cCQYLYZa@fAUT]Pg@PmANg@B[I[iAOS[Oa@s@Ic@Ci@Dc@CQLw@?g@JsANiADOTwBd@wCdAmECa@RaCZaCT}@?gANeALwCN_@Be@RaAh@wFXqAVsBRkATiCh@kDB}@^qBCWFk@?cDHcC?}@Fa@BcBCWZ{FBoDFq@@sCDo@HcEEs@BeAPuAC_BFiAAcBBkBEQKIuAUS?QESQWEoAJyA]gAR[Qi@Gw@GgADy@Eu@O{@MuACEG{ATYCw@[}AJs@Q[ASMaAL}ASgALSCe@Wo@Dm@OkAKcAJ
11,name,2019-05-10T10:37:47Z,40.678571999999996,-73.944396,Run,3233.8,a`hwFngibMYIYC_@O[CSFCT@HM`A@FAt@CFCl@ET?DG\BXKh@El@NlBE|@@v@E\Ev@CdAGtABb@E|@F^BfBIX@`AEZ@ZKz@G`CI\Ah@@n@K~A?ZFh@AFEPGHm@VGTCXHzADTD^BlAHt@?\Dd@ELg@p@]hCUfAKREPCNA^OfASn@Gv@Af@EFCTEHK^Al@ELMv@AXBPCt@K~AGVKz@EFIb@Sf@?VKj@A~@QhAPOBED}@DY?ODODi@v@aEFc@Fy@LcABu@Ju@@_@N_BHk@?OVsAHk@@a@`@uDH[Bg@H@BE@GE_A?sAE}@BSI_ACiAT_A?SXKDs@FSCwAJa@Gi@BMTo@?UL{@@o@Ei@Ae@Fu@?s@Ea@N}B@qAPgG?uADYJGJ}ABeCD[@k@Aq@Fc@A_@DoA@UGo@Z]N?JEN?ZBHH
12,name,2019-05-09T08:24:10Z,40.678607,-73.944158,Run,4900.7,g`hwF~eibM\?`@OTJPAVDHCZDj@@h@CRF`@A|@JbAF\AN@TFh@?XFVCT@JDN?PFXEDB?V^Fl@@LET?FEJ?V@JFbAJj@@HCPFb@DRAZDXCJE`@?b@NlAFHA`@BRFd@@VDl@C\Bf@?`BPDBf@@p@E\BVDFJKnAErFIvAEfB?rACv@@hAGjA?r@E\GzBC\AhCAt@CVBx@IxDEdACHFt@I^IbA?~@I^Dl@Cj@MpCENC~@Ez@Kj@El@WbAW`CSnAGt@CF?ZUdAS~BIj@WbAGr@IVWrBOf@GzAOrA?HF?Lo@Dk@Lg@H_AH]J_AR}@J}@Li@@a@^sCTaADy@PuAJyAVaBNa@Bw@NwBLi@Da@AYDi@Ay@L}BHuCD_@As@BYCcA@g@Aw@HsBFmDHi@EO?IDwAB[DuDN_E@y@N_CDeC@uCAWG]KQe@WKC[?UD_@CAUAGEA}@AQBa@Na@UO?S@MC]Dq@CKHE?[USG_B?WE[B[QmBGUEO?KGoADWASDM?iAYa@HYEW@[AIHGAYYe@DOAWFc@BYOYGQ?e@DWCYBg@Y_@Fi@Bi@Oq@IIIc@Ew@H
13,name,2019-05-06T18:10:03Z,40.678608000000004,-73.94408299999999,Run,4838.9,g`hwFpeibMh@HN?b@EXB`@Cj@Bv@HPAJIPADCnAFPD^EZFf@@bAX~@BXDp@Dx@EN@~@HR?f@HPH\Dl@ATD`@CZB^?NGp@BVAVB`@H`@Nn@FH@PGRBfAAJBTAXFh@B^FPCr@Dr@?PBDC@gAJgBAeAPyBF[EqAF_B?mADkBAq@HiB?{@BGEi@BO?o@HgAAq@@e@HkADwA@cC@aAFs@Ae@DiBDWB}AP_BA_@?QIe@Hk@@_AFu@@uACe@D]?eAC_@F_ADwBF}@?g@FgA?c@Dy@Co@Fs@?oAFa@@[A_@JgBCg@@Q@p@CP?r@KnCERC`AId@B`@?z@BLAF@d@Gh@EJAJCjAIb@JNJ@E\?b@C\Ot@ApBMjBB|BCJBRA\O\BHARE\Cb@?b@Jf@Fr@GhBGh@?l@I~ACjABd@Gh@CDKbBDh@CP?~@EpA@`BGX?v@GT?T@DCl@DXIxA?^KfA?~AGv@G^C`ACb@BhCGvB@^EHMDc@EYF{ANUHw@?UEOK]GaA?MCM?MFO@GAKGc@AWKY@e@FS?UDYIQK_@CUEs@C]@q@Gk@DOCo@BQKYIs@@SOO@aACw@Ko@@EC}@A[EyAFa@OeAI[BQAWKUAMEK@_AAgAT
14,name,2019-05-04T19:14:58Z,40.678801,-73.944172,Run,6535.1,oahwFbfibMu@COMm@CUGWASB[?ECQ_@Aa@CI]Sq@KSMICM@ODMJ_@LUAYCOBk@A]HYRK?k@To@BUF_@CY@G?CDWBi@Rk@MQ?EDIB]EOFMHYDg@BUFmABq@LWPIBMCQ@IJKDICGDKDc@Dw@@_@JQAMD]@WCGHSBKH_@JeAG_@BKFm@DUAQ@MLo@He@PMBS?[He@?AFGFG@a@@o@Ja@AYDSJIHa@BWJa@Fg@?s@HQAg@B[Fi@DM?WBQ?E?KLWDGAa@@g@B[A]L]HsBDKBMFMBEF_@Ji@@i@V}@Bi@PWB[FKCSJw@HKDq@a@QROJe@ES?SLQ?[Fg@BQJWFu@Lc@@WD[AUDGC[RQBUAM@OJc@FWL]?qBXc@BSF[BUJi@Jk@FQF_@TMTq@h@ULSR_@XELe@d@y@nAUPUXo@l@S`@o@`@Kj@GJIHMFg@\Yb@BPMPYDSNc@LWNKTEVeAfBQHMP}@l@AFDFXPFDTr@j@hAn@r@VFHRTTNRPFBDGj@FDDE?Go@m@Qg@i@y@Yi@c@c@QWa@a@SYAGDOT[\wAPYJGn@@Z]XG`@k@ROREXc@Vw@b@i@TKZWLQNi@JOf@]z@iAj@g@t@cATUNYl@i@Xi@MG?K@GPULKTe@\SD?\ZZARIZHD?f@Ib@An@I\A~@YL?HGRAVMTGt@If@Un@MxA@JC\GRDLJFB`@Ah@Ov@MNAd@QHAFBFA`Ae@XC\?^CLDv@@fBq@~@MfAC`@WTEv@?d@KLAh@ALBb@CTIRANEv@Cv@WTCJEVANDd@Aj@QL@LEb@EZIh@Bd@EH@J?RGZHVCd@SFKPM\CbAY`@INGXED?b@VTCPBLORCDQHBF?l@Kt@IHHd@Gj@Qh@IN@LFRERI\KJAJ?b@MP@TFd@BZQXKF?z@Sx@IRGNAJKb@ATI`AI^GXHVBd@Cj@Jf@AHBLEnAFF?@ER?FCP@NEN?\UNAN?RIJANGb@ABO^MDHId@ATFLTJLCb@B\F`@A^JF?JAXDj@B
15,name,2019-05-01T20:02:18Z,40.680187,-73.96498000000001,Run,1109.6,cjhwFbhmbMfk@|N@|EhElH
16,name,2019-05-01T19:25:24Z,40.672121000000004,-73.97001,Run,6729.7,wwfwFpgnbMxCOdPrMfOJxJbHzJjS~DlBzCeB|BgKlGuJbLc@bJiGpIZhCcBl@wCqGyOkCmQqEkGcGuCoRbCyd@tOmJtNqIvAaHsBgIbFeCuE@}Eio@sP
17,name,2019-04-30T21:07:44Z,40.678608000000004,-73.94419599999999,Run,6450.5,g`hwFffibMZKROHA`@BPBTLD@\AXINAh@Jd@DPCT@XELBDDBNCHRPVH^Eb@AHCVERBf@NtCDPDt@CRGL@`@I\JXL~AFLAVSLLl@TZ?VDx@GJ?p@P~@Fd@CTDPARHd@FV?t@G^Bb@TVDjAIHBFF@D?nACx@?t@EzAFf@Ar@DRDh@QdBEzCAVGNCV@p@OpBGlA@PE|AHbBAPMR?XF|@?hAMdABd@MvD@x@C^?`AM`EB`@G`@CfAc@hBIj@Mf@QtA[lBALBJALWxAQd@?TIX?^EPIl@[xAIx@KZIlAQlA?NGPINCVO`@ANAfAYbCGlAMz@GXEp@Qz@?HFHPR@Pa@`CGZGJMl@Mz@Wl@KNE`@Ib@?`@IXEnAEd@CjD@z@DRv@`BNj@Lz@HdBNz@QAIOPy@?c@Go@W}@Wg@KIQk@KQIY?oBGY?_@BqANc@LeBLg@`@yDFUTqBT]V}@CS?_@f@kCR}B?c@Fs@^yBF_AFc@R}@JsAPm@Fc@H[Dm@`@oDLyALiAVaARaCLcAJa@F}@RcABe@Hs@?]Bs@AYF}@?aABi@FY@eBEo@LgAA}AD_@JeE@qBAQHy@DkCBOC_@Dg@H}CBaED{@AkAHwAA}AHgAAa@QYm@SuAWO?sBQMECGUKaAAc@Ri@BKAYWEAQHE@YEa@@YE[BEAIOSKYA_DYUBg@Ro@DOCWSSIwAGk@@SCYM{ABo@K]Ak@?o@JWMIK_A@S@WE{@K[Ms@@iAL
18,name,2019-04-28T20:03:58Z,40.678695000000005,-73.944424,Run,8054.0,y`hwFtgibMCEHMd@a@V?NA|@B\CVFZ?`@NN?FB`ACLGr@JRG`@EJ@HEJAJDL?TPJBP\@XAh@Bb@Gh@@x@Ib@@^ItBJd@?TIf@Et@GpA?FEf@Ct@@NInABZ@l@GpBItA@lCGt@@TCl@?x@BREPAN?x@C^@l@QdBCt@Ib@C`@GPC^ENB^IP?HQ\CR@TCF?VO`@KdAUhAAP@b@M`AQlBYhAQBKLAX@LAHB\On@?VK`@B^C`AQ|@Ix@IvBKb@CRELQR]`BCZD^Mn@OlADF?TMh@ObAGvAKf@I|@I\]tBAb@Mf@K|AKZKp@QbBI^AJQPCHEl@a@hBIn@?JEFEp@BJ?VSv@CPGl@@`@En@GLGtAMt@Gx@Kj@C^GXSpBQv@QnAEbAEP@JOp@Cv@EZCFA\Ob@?JGTQd@ORCJM|ADh@GNCj@?z@D\QjAA\o@dAMd@K~@Yl@e@|Ao@dBU\G`@g@vAUlAIXGd@o@zAIj@GRO^e@\FHFn@ENA^MZKz@@TMXYX]n@Kp@C`@e@~ASXOZGPA\CNKL]|@CJORg@|AYt@IJCTo@zBKjAUl@IXQd@Md@?GPUJ]Zq@JODWFKx@iDJUDQVaB\eAFa@L[BWPi@NUH[N[Vy@^gBdAkDLODQHg@Tc@Ls@HEJMTk@VwBPa@Hc@P]d@uBJQL[Ha@B_@Xo@Jc@b@yAPc@Dc@FOFm@f@sARSBGDg@Nq@D}ANsAFYNoAHYVuAHs@BsBZcBJgANe@TmBPmAF}@XkAHsAPsAVsA?SLw@?m@DOJ_AZsBFs@Lu@Ne@J}@Lg@FcAJ{@BcAXeA@i@DUDCJ}@Pu@TsBLo@JgB?WJiALm@TaBDM?ORq@J}@F}@FWLiABm@PgA?e@Do@VeBR{@?URu@JyADMN}ALg@L{AJe@PkABa@DSAKHiAHOLs@ZsBH}AAO?}CF}@BcABOCWB_BHwA?g@CWAYB_@A]De@?OL_DAs@DU@}AB]C{@IMHkAEm@Aq@Da@Eu@B[A}@FUFoBYWUIc@IEEED[CKSi@Ea@DYCOEkABIAKKQCcBEKGWEMKGAM@_@FZFn@HFA
19,name,2019-04-27T14:33:41Z,40.678628,-73.944197,Run,17708.2,k`hwFffibMl@WfC?t@ND\ZDtM^zBKbD`@vU|@\TK|HFtA]jHBvD_@`GHdEg@xI?|CUxFw@hFEpA]`DsAlJUzCY`AeCzQa@`BX|Ak@bBsAjKQhCAtCLl@~ApA\tA|@S`AFb@\t@xAzFfDtCbDt@F~@a@R[r@Yl@RQ|AFPhAEN]Iy@Ja@tAB`By@bAA~@Tl@bAv@j@~@Kf@lBd@x@h@f@n@?nAnBV`Bv@`AlB|DH|@jAhDlB~BvAZNd@~AQh@q@`CyL`AoBs@V{@o@m@Ch@Yj@PRIp@\fCcGTgB|@So@}@qAUyA}AwAu@@i@cCoBqDyAuAiAi@?_@{AlC{CL_BYw@gAdBDv@K~@mAzAoA?e@[mBMgDkD[HB_@g@aAGyAJk@}A?SeBL@Ar@iAdCsAh@FVS`@qAPmA}Ai@wGi@FWo@a@f@oFrD{C~AiFfEuBz@}B|Aa@`@RzBh@D@RrAx@z@fAlB`AdCfB^x@jAd@dDbDrAj@^`AbBd@Pl@bDjCL]h@CL[r@UKmBAgB@YJBNb@?dATd@E|@j@XHb@]nCXp@@l@x@J@NdAz@tARHx@vAAxCyA^e@b@?D^l@TvCzD|CdA`AOr@gAT{@FoAjBeIjBqAr@_B`CgDP{@|@Nh@Md@e@h@BYoBMS_@Ae@uBr@w@PHFb@d@l@C`@LTFMQo@@q@JO~AGfAe@]x@kAJ{BoF{@CK`BOFFh@^h@Ar@Rx@P\j@U`BjAhAzAFZMx@YBAMT@Ch@[T{CMLY~AJr@]~BUnCkBd@KeBEiA]q@m@Wu@m@sF^qDG_Gl@yC\i@OZ_A_@Ui@g@EIy@TkAc@XMf@m@LLZEp@ULUj@l@^Vr@NzAMjCmA`Au@EiAkAsBv@u@Ca@]DaAe@a@FI@TQFgBcBHWSF{Ag@?wAr@uAeA^aBgB_Ah@i@Ms@o@`@y@{@mAq@a@aAyAqBe@kAcAVwAgAmBk@c@aDbCcMjHf@SJd@gBxAmFvCsEdD_@FiAtAaF|Cs@JmAdAqAx@w@a@]u@y@c@MWQwBR_H|AkI`BcGzA{JjAcMdAqGrAoMVyAHwHLw@JuNHaBLW@yFl@mSAaEyDa@_KCgBYsIG}Iu@QRgDg@yAHcEU
20,name,2019-04-26T08:15:46Z,40.678614,-73.94417,Run,4833.1,i`hwF`fibMVA\I`AGP@\JNALFJ@REh@@z@FRD`@@PARHt@CLDP?PHRADH?VBBDAr@At@Hb@AVCl@Ab@KTAr@Dt@NLAHDxA@PKF?pA`@d@Bl@JPEd@JHAPDTCf@FfAD\E^@RBXAd@BXDJEL?\LPGj@CXJDFCp@@PDTCdA?bAGj@?hBKpGE\?rAEV@XG`@@jASxGAjBAZ@|ACl@Gj@Al@E`@@`@MdA?|AGV?^D`@CN@d@CP?j@MfAI~A?XGd@EPCZMr@Gn@@^UbBMd@GNO|@MvAUnAQpAQz@KxAG^?l@Kd@Gp@K`@Mv@I`ACW@SHoAAIHu@?SBYJc@@e@Ha@JeAL_@DYAWD{@Ru@p@eFPcAL_BPo@R_BHkANs@A_@D[Bg@AeBBODoBC_@Hi@A]HaAC]@u@Am@RsEGo@?_APiBByBBQEm@@QCq@FeAHg@JuCAw@B_@EQB{ACk@Dk@Jm@Du@?gBE_@?OMBS@qAA_@Ee@?SBk@CSGWMwACK@c@CS@]Eg@?UCUBg@AQ@_CWa@Bq@GK@o@GiAHOGe@EeBCSCa@@a@Gg@A[EO@Q?YKWCMCo@JiAIYOg@EmAHOCWOi@A}@IEB
21,name,2019-04-24T18:52:20Z,40.704264,-74.011896,Run,11278.6,s`mwFjmvbMK}DoEoE}VkIwBkF{KsEcBqF|nA{cBzl@JvCoF`L|BKvB|BL|BvDhHvAd_@apAkBuB~@iLlBaExDgc@dSwyA~Aat@cBwB_OBm@sB_Cg@mVbCy@pGlAz\`Le@l@wCw@iO~FcA
22,name,2019-04-23T21:37:23Z,40.678592,-73.944136,Run,4835.8,e`hwFzeibMXBNK^GZDb@EZ@JCd@DLGv@LpAB^HL?\FDBPATJJ?XHhBEf@BPAdA@BBdANdAF`AEPD`@A^Dv@ELDb@BNDRDb@@d@IL@VLZFj@Hh@DJH@LRFR?PBXARGLAhAN~@B~@AJ@HJ@PGlAAtBEVEb@BPC`@AhCBb@I~@BbBG`@An@AF?xAEVB\Ed@@HAh@KrAGRORIh@Bt@IfABfAIv@?h@CJCvACR@j@Af@FJLHD\?XEh@@ZC~@@VEd@CfA@v@CPAXINGv@EFCNCl@QlAGfAKr@AZMz@GLAPM`@Cj@SzAGr@?ROj@?\M\MlAQz@GP?j@GX?LCXKVA`@G`@EAAs@Bk@Da@@WNs@Da@DcAJm@?i@BS@UPs@ZkBJY@Q@a@Jm@Lk@ASBWXqAB]J_@FgAXoC?eABaAHs@A[Ba@IM?IPsB@{@JgAC]?_@FoCAmADYAQ@[QoA?{@DsADa@?m@Hg@C_@FqA?{@Hc@@[FSFe@EQCe@Ha@Ce@BS?YGQ?OE]Fw@Cm@Bg@AiANgABs@AWSKY?E?GFKF]?c@Bk@Ca@Bc@AiAKyA?a@GM@UHWCOBa@@SEKG[CCIMCQ?QAc@OWCS?OEs@IcADKAe@F_@Ag@@i@Kc@?e@KiAAKE[Ck@KO?e@Kc@CM@cA?UEW?g@GU?OBOG{@AW@aAGS@
23,name,2019-04-21T19:28:21Z,40.678675,-73.944188,Run,5398.5,u`hwFdfibMLGTGX?BHBGF?PGDBD?HCFIj@ZPCL@VCDBVLBF@d@Pl@Fj@I`A?XGx@Ml@In@DVEb@?h@EXAh@DDN@ZEHENSTKH@XNLP@FD~@El@JZ?LC`@Md@?ZGd@JrBA\Mr@Ev@FBHED@JF\B\P\GFDHND|@MvA?ND`AJn@BbAYtAE~ABFBCRAh@Ax@N`@CDCZ`@C~@?z@EZOb@?n@CZENSd@?V]z@Bx@?TIf@@b@Qh@Cd@Od@Ib@?n@Id@c@jBEd@?~@K~@M^APH^@PAHMXOl@CfAHBLJF@BFNN^Ad@BdB`@TLJLN?TJZAF@VJ^Xj@?x@VlAV|@Jr@ZZDHLVHfADTFOFPMDMDKEOHMCSBOv@eBFe@Lc@AOGUJw@Is@@KTe@De@CS?MTo@?[b@Hn@KP?ZFHE?OEcALe@?i@DELg@JKFSHoAL]@k@H]@gAHWFg@CoAEg@@SEY@[L_@B[IwAOCiAJa@?WGQ@c@IQQIEYACC?m@Fo@EOMQCQ?GTg@B_@AIFaAAOKWBGAs@Ju@Be@AMWa@QG]@ODGCe@FOMC?OJCEQKM?YJ[Ec@BoAQO@YIS?QGM?c@JE?OGEICICW@[D]Aq@Be@E}D@QN]DW@c@Ay@CIqAG_@QSGM@QL[J_@Uq@SOA]@UEO?]NSBo@QO?OBGCGYSMGAu@BQHe@GK@[RKBWAu@@a@E?]HoAKkAHaDRcBHQ@cACMOKc@@EEAIGCQCw@Bq@Lm@?q@Um@EOEMGC@SACCE@II?o@Bo@Ja@Fq@G_@?YCMF[Ec@R{@N_ADm@A_@DKHALDRAPGF?F@LLLBFLBvAIx@GXCb@Al@?l@GlAAjAF^DHZHRC\NPP
24,name,2019-04-20T07:46:54Z,40.678740999999995,-73.944345,Run,33474.2,cahwFdgibMxG?pAp@\i@|KLrGjAdCa@xK^~Dl@e@hY_@vFGzMo@rBQpDClCZjA_Jts@eDnOKlDLdGxAlBVr@JvBUIhAs@xBFfCvDhJjHrB\`Ia@dCV`DzDrEdC~AlBxBfEpChH~BdBxARdBa@dAyAlBmJvBwCrAmDv@s@dBm@hJF|@k@p@}A`C{AvA_@`Dx@hB?tCiAx@eA\iCg@wDsEyHsA{FBaCsBkHyDqFwEeCoAOwC^kElBwDFwPfIkGh@oJ|CmElDqA`EkBjCeHvAqAKiEkByAFu@t@yAtCgG\s@fAaDQmAx@kADc@bBkBr@mA~A{J`HyFnDoDbBuEdEqAb@q@vA_FtAoC`CaHzEyCdBeC`@cIlHkCv@}@xAoLvD}AhAe@jAwE`AkKzE}ENu@pHHrBn@`AwAr@K`@J|B]jEaFNcI}@qBP}@v@sGnJsAjCyCfDg\xd@cAn@iItKeGxJuKfMn@~AVpClAc@x@kC~@s@l@f@rA{@`@bARCKgCPcA_CcB?_@zDsEjEcHtAo@dByBeAqCGcAj@i@A]wAEgB{@vA_FH{B]aDZGe@P_@[KyCr@aAaCAg@mEk@eALkAe@{Bd@{AcCaDAyCm@gGBkAZi@_AwDl@kCg@kFd@\YxCf@rDM|@f@lD?tB`@jAOlDVlH{KrC}Gl@OdCPx@_GzCeBk@_AVi@tD{@nBnBjALu@tD{DjGuCdCsBbFwAbEwBxFaEfFkAbOaItMeEd@u@x@CfLqEtCoBxDi@d@f@fEGdCv@zFYjDfAnAhCfGsBhDXzAy@~AFh@]t@t@\nBRIFZpCI|A~@d@fAtCn@vBzAb@|@|E~ApKrItDrAlBfBpFhD~@NtIgXvCoMbKm]n@aAPiC|BmF`@uCnBeFvA}EbAaGr@_ApBqGZ_Dv@oA~BmJjB}Bd@_DnEr@rAlB~JjHdCh@|G]hDb@jCpCvBx@hDjDrB~C~AhFhBbD~B~AjBI`BoAx@wCLuC`GgKlBsBxJGfBk@rAiBlCeBpI^nAYjBmBPeC_@gBi@oBmC}DkBkEe@}Bc@iGcA{DmF{FsBgAcCYgKvC{C@kQhIaCAmN|EiCdCgDjHcBx@aGdAuAKkDeBuBRgBjCsD`AEhBVX]x@OwGiBgBq@KOsCn@{COsCd@mAPcCtBeF\uB^}Ca@k@Fm@ZeCd@{@ZuDZkFn@yBr@uEFoEtAgIEoCPa@QeAl@oFWu@@qDTyDj@_Ck@gB\iEAyA
25,name,2019-04-18T18:15:43Z,40.678418,-73.94421,Run,7241.4,a_hwFhfibMHBh@_@^EDDNADFN?DTx@Et@A^Hf@Ap@BbAPXENJT@p@Il@?pALHHFPLFTEn@Dl@MZDz@Z~A?LE`@DDCJDj@Gd@JVAr@NT?\KFF\Eb@Jx@FhAGRHhAPd@?NLr@Qh@AX`@Lb@IP@NERKrADN?FKdA?\Kt@BFE\BD?ZDZKx@DfAEn@GNDRCPO`@?LDf@CfAJf@CdA?f@]fA@h@A`@Dd@CJCr@@VJn@@f@MdAB`@KjACz@IZ@HENK~@DDD`@EH?xAMj@DhAAl@Eh@@TGVAZGT?v@MfA?|@c@xBc@`A?^IfAGd@?N_@~BAhAOn@Cb@GRAR[xAGdAK\A^Qb@EpAMp@Iv@?XIl@CHKNIb@Q^DBI`@@LKx@GzAQn@c@z@K^CXGHAf@Kl@AXIj@El@Qp@MRG\EJM|@MpALNN?FLBRE\Db@Cn@@h@Gh@D^HFAFb@p@@JZZRJZSVa@FEFBPO?JCJBHNEDOVGR@HEN]dAVp@^ATLt@BZJ`@LL?HCFBx@EXBZEt@w@VYCKL?JONq@c@WYQKQ@MEo@_ABGCFEKBWCEKFQIQo@IMM_@MsA_@a@EUSc@OGEKAo@@SFMEMBs@HKLa@Cy@JgBAMGI?]Pi@DECa@Tw@?SFKH_@D_@JW@QCWBEKg@JULKNCNS?II]HGb@{@V{ATc@@ITu@@{AI@CDO@?{@CENiADq@H]Da@Je@A]HKDQ@i@XqBD{@ZeC@WN}@B_@Rw@@QTk@Cw@Hi@Bc@`@wBPS?]Dc@CE\iBBu@Fa@Ia@?GDIEWFCGWDu@AIIGVuABs@H{@EaAD_@AGDm@?WDQCK@E?[LaBEEAQH_@EQCcAESPs@Cg@Li@GG?OHy@KWAONo@@{@He@?QGUJi@@sACa@Be@IW?QNk@Eg@Jk@DqAHM?IGuBBu@FODm@EC?IBc@?_@GGE?SJe@Ba@Lk@AGKOGFEOIm@b@]@MEKLCOeAYsBJSOMH_@DS?SIWDMOWGGAMNiAUcAGSKODWCs@B}@XECMBMEESKGS@c@Jw@G[?QDgAYu@?@MICe@?a@E[LW@AK]OO?IIINECQJEG@IEDo@@YIq@Ei@@aASELe@ByASGK@ICG
26,name,2019-04-16T20:31:03Z,40.67023,-73.945003,Run,952.9,{kfwFhkibMI@WG]@YEQ?k@IgACW@QC]AMCi@ASGQW_@AMDW@SLM@[Iu@BMGGQCCI?SDO?MAKIUEi@DYEs@?QEo@T}ASOAM@QMWFa@CKIGAW?UHS?[Ce@@c@SK@a@EM@UCM@_@Am@KO@QEC@QAWHkASG@O@[I_@AGB
27,name,2019-04-16T19:45:39Z,40.679244,-73.944229,Run,9644.8,gdhwFlfibMW[KHv@BIJAb@Bp@IT?b@EPEbDI@CJKpAL~AWhB@`@Gb@TzAGr@FTCn@Ff@Kr@Uj@?VK^D\CbALfAUnBDDCRJ`ABnCQhBOVCNDHr@C`@S`BGLKr@ABOLExAEj@UnBODJAn@JNt@CLF^WBP\ELMV\hBJ|@|@~@AXV@LHFn@LJXQ`A?f@FNITM`BMh@Cp@[j@EP@f@Qb@DdBQf@UZMvCAtAc@|@c@jC?h@FHG@Qd@Fp@d@d@z@]LJjB^NRRH`@BDKPJ^K^TCHDFdBF^Z`Bh@`@@x@f@pAN\VfATZTd@@p@PXRh@@f@TbALb@Rv@Gh@t@jA]PQd@JhA_@PDn@GPDFNP@vAo@fAK^WnAG`AWVAd@NxAI`@c@VKf@Bp@Id@FNQRGVJd@?DH`@KZRFjF`@t@h@Tf@f@J?NLh@N|AETFbASXYn@@~AQ^FHLDb@G`AH`@h@v@OXmAfAcAj@g@Je@ZmAT}@d@kA~@Mb@OxABv@MbAHHP`BFFDvCCnALtAXxAh@f@t@b@xAj@|@LrBh@`BzCj@\Zf@\Tz@NR\r@j@p@xABh@Lf@FnAIXc@h@SFSb@a@ZSd@M|@Qf@sA~AQz@mAtCKbB[dA_@x@m@v@a@VWJcACIMi@@[MoA_Ae@y@Oq@s@_AGg@a@s@UgAYYUoAm@eAmAaAUYe@UYe@o@W[WgBs@SOk@_A_@g@]Yu@e@i@Bq@W_@Hc@WUBMDBNE@k@EMT}AGKNi@DYSc@BAMi@KaAo@_Bq@W]YQ]i@Og@}@QeCqAeAiBC[Ma@{@Yi@@[Ro@DMIMUBGIY@OW_Ai@oAMOMaAD_@Nc@D_BTkAQ_BZcC?aBHE@_ARiARQ@KNG^{@?M`@s@XoAHCLy@?_BVgANS?o@Pc@FmA@eBNm@NYBULSBi@FG?UHKGe@Hq@R[@_@Na@COHGVy@GM?SF_AGQWGRmAEo@JOK_@@OPUCm@Ry@K_AR[L[He@B_ARu@EoAIa@PWAa@HEIKDw@CW?WJa@DmBEMDk@KY?c@BU?e@L]EoALk@L{AGk@Da@Cs@FY?qANuAM[GgAFQC_@Ja@A]RkAPq@KYBSGSAiBR{@GiAIYLe@
28,name,2019-04-14T17:55:55Z,40.678569,-73.944216,Run,8715.3,_`hwFjfibMPBPMf@I`@HRC?HX?^Hh@GEPEvCKbAA\HHCRH|@E`@]|@ALb@r@SPAHD^AZYnARxAW|APn@NPDVBhAAJSTWJG\@ZXv@BN@b@AFGBAVMRET@x@Eh@D|@E\@h@EnAFh@EZUBEJGn@@^ZdBIl@Cf@c@|@c@l@SRAP@RDL@RKh@Up@O~A?b@LH?Pc@hADDAPUbASb@DPOv@DPFp@[z@GXINI@VAb@JhANv@^BHVPTAZTV?fBj@v@J@P\?n@NvA?TJPVf@\`@Il@XNCZF^Tt@BLFNRt@`@n@Jz@CzAt@l@GxAJLHLXTPXNz@ILFJRh@`@n@Jn@BAFH?PTlALZJp@HLHHPTFrA?TLJRHGlA[DHFGNBXENF`Ba@GDr@Kn@DtBObASlAi@tABTIj@CbAURBbAMb@Uh@AfAOx@ATTD\Z|@BlAERFNCT?FHDFf@r@TLZ\X^Vv@RdAMPDhAKn@DbAKx@S@TLTNP`@`AJh@ANc@r@sAp@k@F_@HQTMXIJG@SMMC[Rk@DiBt@w@I}@FQV@~@CDcA`@]^K@GGc@LqAv@WTu@Ek@[YHEC_@VO?k@MYTWJQVULQf@e@j@EJi@f@Gb@MPa@bAWZERE@K\OHMf@U^_ARc@BmACc@Nk@`@{@Fg@Mm@Cs@[QQe@IU?UMmB?QH}@v@[n@u@j@e@Jk@Bc@JU?QK]gAUOq@o@GSByAG}@h@{@@I[_CZaBPi@BkAT_@`@cBp@oA?SQWCUL}BNmAXmAV_ADiAFe@Li@@WJ]Be@LUDo@VaBTq@NiANiDh@gD@kAGa@D@BiALaAJa@BaACWBM@JJo@NYBeA`@sBGuBGSBQJUIm@BSJUAMNWAKECBEAS@GIi@DW@UFa@@_@Gi@Lo@@YEs@FsACiAEMBQ@_@ViACsABw@Ja@ScBH{AP{@Ko@P]D]I}ALi@?sAH_@GuACuBA[J]@g@IOWG]@YL[I[HcADYEq@k@o@LcAE]DIESWQJu@F[AUJUKa@c@_@Kc@?s@Ma@@YG_@LQZ?I{AROIQ]MG?KWPs@HOC_@LMKIYIIaABs@NSEWk@]\_@RO?WI[Be@c@YJ{@Go@g@cAPgAF
29,name,2019-04-13T13:10:47Z,40.678791,-73.944236,Run,25753.1,mahwFnfibMe@m@]XWc@{CI]wBm@{@}ArAcAGaD~@gBEiDX}@d@sANkBOeEhAuNrBsHHkBxAkAk@mLlAsAr@gRdA_OnCsGTIx@yA~@{AK}@aAiD{EoAiCk@h@yEx@{Ai@kUfEaGUaD~@eC`@uIfAU]cCn@k@_@y@t@gAa@cFlAgCVq@[}Dv@_AI?[Uh@yB~@yBAe@a@cBt@{APeFMmDhBGo@g@j@eAaCTu@i@qCi@a@mB|@cBCkBrBuAn@{@GqIbGsC^gBdBg@PL[{GxDFXo@?cCj@kCvAoBByBnAQeAoA]}@`AaF`@oChB[i@qBAyLrA_\}Hs@f@x@aAaAj@_@zCGvCm@bAy@Z}BcAoBJkCcB_ARoAs@kADuHwCiO\iNeKwDmEeC_@qAqBiJiJ_BiCqBgAmDaFyG_FgHiDuAbFeEpJw@zCqAlAAjAi@j@NZROC_As@Sj@]q@}BXAHe@aF{BkB_CqDyAyEqD_CqBaCkEqAXD\?}AiAyBoEaCW^PHw@o@aAt@eBg@[x@w@Qh@lB?xA|@lCnB`CrAh@jFtHvBjBvBTJ~@jANC`@~F~Dj@jA`Av@nD~Ad@`AlDhCnAb@bAvCz@bBdAXfF~C~GzEjDnDLf@hAK~AvBWRRj@|CjBZcElA[]_ARi@r@]`DpA`@n@h@vBJxCx@b@qC`BReCfBKLi@q@oD{CiBH[Ui@[^H_AQk@aCkBmDoAoAgBmDsCyCwE}JaHIm@cCcAkDqCW_ASADjBbCgDpBqExDuM~Cf@Z`AzAF\xAjALp@t@b@Qt@zB~@TrBtALdAt@PDZ~@Ul@XpAzEhAr@k@d@|DlBfArAdB~BjD|ArAXjAlCpAv@fAc@MsBjAQVyBnBuC~AfA~AzBtEf@~@UjBrAnFx@fE~A|CIt@r@jDFpAh@G[MVVl@nAM~DrB|BIv@n@tFhAtAm@tBxBjAGrA`AtEr@tBi@z@TbBsAlDXrC`@nAyATP`B{@tAX~C}@~@PnJeAfE{Cx@Zf@qAt@i@hKyEUAh@NhCwARVxAeBjB[n@{AVd@Sb@Fz@jA~@BhCvH{Ax@oAhCDrHyArLGtBuAe@ZdBMn@\~FkArGKEm@nFC|I{AbCNTm@fEm@nHMh@MRQjBTvBgAfBZnBeApI[fAr@l@QdBzGlAt@P|@pBlAKRr@DjB{DbA_A~@Cy@v@\~@r@\Ji@
30,name,2019-04-11T17:34:54Z,40.705521999999995,-74.010366,Run,9738.6,ohmwFxcvbMvAl@LPb@RAF^j@r@EOGGDKd@IJc@uAFYEQm@s@i@Mo@Ti@q@Oi@MQuAOMJGA?aAGc@i@Y]k@U@GH]fAMDISMAe@uAMQOGEOREP_@GCDKAVO`@q@j@g@YSWc@?ARQX@J]h@p@UF@IFEZaBcADCw@Mm@]Mw@`@_ARiAKMPUEKmAIeCkAa@eBU_@BBEDiAMiAjAISSIOHQCLa@KWKHUMUBA_@@FG@g@DMMOCIMBQEYII]yAFa@Cy@D]N[Fa@b@k@h@a@HWr@m@JQVUb@aAhByBdAgB\]b@aAl@s@d@S|@oAL[p@q@n@eA|@cAd@w@`@e@l@g@x@wAf@i@Pa@|AcB|@cBb@Y~@oAl@i@fA}AFQz@eAt@cBXWVc@XUZm@dCuCJYf@q@dBsBZu@vBgCj@e@rAsBv@y@Vi@fA}AX}@tAyB`A_ArA_@lAJbAEdAQhADnBCfCVbCHn@EZWlBGT\d@Jt@Ev@UjBB`AShAZ\KXJr@KZPZALq@|@cBXu@Z_@NCJJ`@bAr@Xj@Dn@ErAVdAl@f@JP@ZKDJ?XHR@PCMEHFZ^f@f@Ub@FK?Fd@x@p@b@BZDBJRR^RX`@LDp@FLM@c@GMRYf@yA^wAN[@EGKb@iAXaBFu@Rs@f@}@XoA^}@Dg@^U^u@Nc@v@_EFi@Pk@Hs@V_@BMZgCx@kATSV}A?]Za@j@{BJWR_ABe@h@qANm@NuAPWXeAZ{@Pw@Zg@BUXa@La@JkBd@u@H]?_@Xw@Da@^}AHoBTq@IYPSn@Ud@k@Ac@WoAEa@@OF?BWLKO}@Je@@YFGDUCOB_@TQHYTyDp@eC@s@TyACyAPcBNu@GSVQRy@L{BLc@PmATeABkAr@mCHiBAo@d@k@DSV{BD}AZ}B@q@JaAX{@NsALe@r@qI`@_B?iAP}@LeBPu@\a@FaBLaATi@@aARIDQHuA?e@EkAFuAFOCQPc@@u@Xa@Bm@Hg@FAFM@Y?o@E{@DEE{@EUH[FqACUHqCAe@Dw@CkAIiALwA@w@R_EIYg@CEUWSQ@CPKFa@Ks@Jw@OS[GSBKG]KoABYTu@Am@Hy@FMAKHQ@cADKDeBa@Gw@E}BTEAUk@AXHBVIZ?VLCD
31,name,2019-04-10T18:54:13Z,40.679365999999995,-73.94582700000001,Run,6599.3,_ehwFlpibMFZOv@Md@DLE\Bb@C|@Et@IHAFBJAFJDDHI\FN?NK`@@p@ALK`@Cp@AJP`A?\Ip@Cf@?LJHCj@CF@HG\F@BTKr@Qr@?b@JDQJ?JEF@LIL?FITDLCHBH?VBFEFDPADHRBVARDFEv@BVCLs@PWZB\AJBJBZJN?^EPBp@H@FXILEd@ERH|AIf@OVMr@GVCd@E\BLINCPBPIJO|@Bf@GROVEXO^It@?bAQfA_@|DKb@Ih@?RJR@JKl@@DCH@FKRQr@OVOlAUv@Kr@ATY~@DFKVCTFNI|AEJe@\y@d@]Lg@AMBUM_@\_@EgB`@KAIKGAUJCGICQJi@Ds@RSJGPAJFZ?XH`@Bj@Lb@@n@FZCr@@VRt@On@A`@Xz@Hx@?LCHB`@CTNXNr@?d@Hd@Ep@Kj@AVLAFDZXN?`@Wj@KJITCd@Qh@YLODH`@Oj@IF@PNVYHWJQHuAGE_@D[NSVO@cAOc@H_@AIAKQIEONEv@EACTKPQH}@Da@s@@aAO_@@c@CUIGAOCCAQEO?k@EGI[EgAGc@BU?]BOAe@KKAMCKIm@@SCi@Ds@?eAWg@Go@Ok@BMGSASDGEBIQEYAyABq@Gw@GMBa@Mq@B[Co@ESCc@Qe@AO?c@CGFKAQAQID@CCm@@m@QuADOAc@OaBAg@BeAEg@Ke@?GQoA?YCG?OE_@?]B[CGFU?SY{AAUKk@BMEIEY?MK}BD]?]La@@O_@wBKS?IIQB_@Io@@OG_@?GEKEc@Bw@Gc@EgBB{@Ak@I]Sc@BMCc@BKECCMKw@@k@Kg@EgBESFSGUASCC?QGSEm@EW?k@DOLEnAKd@O|@Gn@Qx@IdACPKl@M|ACPQ^ELGHBLABDf@?z@]FWCe@?u@CMKK?SDICc@Mk@?a@EQGKBI?OFICE?g@ESAo@AEDSGe@BWXUTHn@ENETDNADALQf@Wd@CTKZ?HD`@GTDLK^ELBPXD|@Fb@@dAHr@Ld@Hj@G\EFDJA`@BFFf@@pANl@JD^ODDp@EEPFXAJBXIv@@v@D^E}@DIAs@DGAG^@LER@`@KX@JIFSBg@Cm@Hg@D_AFa@EQ?i@PWBMFGCIDK?ISUCQFQ?g@GOAKF[DIl@OBD^DLH
32,name,2019-04-09T18:54:55Z,40.67853,-73.94418,Run,9107.6,y_hwFbfibMTAd@[NAXJp@Bj@XNKdBNd@Nd@?HJT@~AAlBTh@Ej@VZAl@]RFd@G`A\HH^C^NjALf@MDFFILPj@KlD`@z@GnBPj@Tn@KVHzAE\VFj@?lAY~CHXKrABd@Er@@h@Gj@IPDzACvBDb@Mr@SpE@t@XV?FOx@@bAKtA?ZQpA@^E\IfBBh@ENGt@BlAIPBh@E~@FvAQn@\pAQjAU`@QfA_@h@Qn@@LGPDl@OTMhAJx@YhAa@~@DAGb@?\Y~@@|BY|A_@hAKtA@d@Wh@Gx@I`@UvBCxAa@pACZa@z@Kp@?v@Q`@WvBYp@Sz@ClAI`@[f@?f@B~@GnADj@GhASX[AIKYKEMDE[@I[_AKsAhAs@AKNIb@UVQl@yC\Ak@_@PDPSbBg@rAa@pCHj@\V@Ru@l@i@v@Gf@@hASbAaApB@JNLn@b@FP^FFPo@fBEv@[l@Av@{@jBDNGX_@b@Uh@O^JNURYjAe@jAIdAe@rABd@_@f@@ZF@ERc@fAa@lBo@jBOz@g@`BNr@Ji@b@YJQIa@`@eBF}@v@eBH_A?}@Pm@Eq@Dw@h@gAh@e@FUBiAZe@Lg@j@g@FaAVcArAyBF[Ig@Ne@GYHGECXi@IW`@S^y@BKAWN}@n@oBJe@h@u@JaAZo@OAZYJeAHOTE?WMYU]V?k@{BFe@Mk@@Mz@Ah@UTWJoAHOv@c@TYl@GLUAQQk@IaAo@kCOYAc@Va@H_A`@cBJ}A\}BHQ`@yB?cAHUPQJuBCHCMLWFs@d@iAD_@`@_A@UGo@Fe@AeB\m@Dk@Rq@BaAf@gC@s@Vm@JcCCa@@m@d@UBKA{@Gc@JgADmAJo@L[CEPWDm@PWBc@Iy@Di@T[BUSwADm@CU@m@BMX[BMCcAHy@KY@}@CIXk@KsAHi@JQ@USw@XSCkBQcA?a@DS?[HQD[IoBD]N[@a@Ac@MQmA\o@FWUKYQOUGMNu@[eACM\aAj@K]Bm@q@^DSKBSIY_@K?BHe@@yA^QIOc@[SXsAIgAR{@@gBDMBcAD[Ii@P[BQk@De@W}@Hk@MqBZOu@a@RYFs@OWD[OOLY@YUg@OWBo@U[@KGaAT
33,name,2019-04-07T19:52:13Z,40.678796999999996,-73.944221,Run,7492.4,mahwFlfibMCFXEN@DDl@MLSDCL?n@LpAJ`AGD@f@JTRLBNZD@l@M^Bf@Cd@Jx@AnABDPHBHCH@f@A^KP?\Fz@X^Az@FT?NBLEL?h@Hj@CFRFGXCVB\HT@NLH@ZCVBDALORAvAFb@Ar@BNC`@Nh@Hl@Id@AHBRd@BT@n@H`@?j@CLE|@?|@Id@@pAKbD?n@MdBBhBC|@M`BC|@D^AlAOtAAl@?`@CR?jADt@GjA?NC`@?t@IdADtAOlACv@@PGVAL@j@DDD?BNWjBQz@A\WtAIXGj@Sh@K^EnAOtAGVEtAQr@Id@GPC`@KXAf@K^?VGf@GVITOnACtAYjBEv@YhCo@xCKbASh@MRKf@OXOv@M`AEr@IZ?XGPC`@GRCn@Mn@OnAK`@Iz@EpAShB]D_@IGBELICe@]SCQFQLS^SNg@EMFIIM?SR?JGHDTC|@OTGDI@oA[SXKAQIMYGGAGIXFCII?KAHUCKKGAU?IOMOEDEGIA_@Dc@CM?g@c@WKYIc@?YMSAUI_@G[Wy@AIQGLEAMCMSEAo@ACGEB]GOIM]@o@Ga@Bi@Jm@J_@Bq@I_@@UFOT_@Fe@BKDcAP]?IAGKIm@Mm@[K@@y@Kk@?OD]Ag@Da@Ha@JITCp@Hf@Ep@A`@Mp@GNIbAOFEDQ\kBVq@Hu@?KCIo@So@Oo@BICAW?i@BWFS?[ZmATqDJeCPs@P]Rq@Lm@@{@?KG_@?SFYHQFa@NKLW?]Kk@R_@B]JOAG@G@s@J_A^{@Bc@A}AD?@IJIBGBk@GM@INq@Fs@Jg@?UD_ARm@DuAA{ADg@@GLSBM?a@Rm@D[?m@Ig@Ce@?uDE_AFq@Bg@C_AH_BA_@Ls@@W?g@B_AA_@G}@F]N_@DOGe@?mA@m@EKB_@AGDIF]Cm@Hk@?GGOMIUEWUe@m@IE[REPAMDCFDCFM?s@DaA@KEISL[E?@JODGEWEaAEQGUAKE_AAe@D_AAc@@QCWMEBAHG`A?d@MdBJl@@\Cf@G\DLIt@?t@E~@BJFBbAJPDb@EVD`@APDnBLVJH?FIDg@Hi@?UPMKa@?k@Da@@]DGAUFc@Ay@BeBPg@MOISGEm@AQMo@@]F{@E
34,name,2019-04-05T17:53:44Z,40.678674,-73.944366,Run,8640.8,u`hwFhgibMBDHCJIFSDEVGLDx@Db@J\G`@?`@Pp@C\FBF|@a@EJKd@EBFATLP@r@Ef@KL@TJxBEd@^RMdAAf@QPKESDOJpATHRBjASj@LNAd@LPEJMD?xAh@b@Hp@K|BLRHBBAFF@BDCREfDIr@GlA@~@Ix@?n@IPKbB?n@Gl@MlCAl@Gt@BXJRDPSlDOnAF`BCl@Bx@AZBZAV?~@Gd@Bj@KlBIr@BhAKn@Q`@Hl@EJ@DGBOn@Ip@GdA]lBQ~B_@xACx@[~CWfAKl@Cf@WnA?\BHXX^r@RBHPLHT?BD?PNNjANLND@dAMh@HZHLN^DVPpBd@P`@NNl@O^LLT`@KHIHBPPjAIHDFLhDe@RDTG?FJB`AGfBk@`@?h@G@EPB\Gx@HdBo@L?NELKj@B~Ac@hADnBWDBBH@ZJL@XJr@BtALh@FJr@`@h@p@~@n@\Jf@Gj@@tAQIFBBbAKr@ST@d@`@Ph@h@dA@JAHa@b@m@`@aBx@}@Zu@Rs@`@c@Fg@Tc@FSJsADKDI\C`@EFOLg@LK^KJYVUBELGh@i@lAMNENWJIp@OTIFc@JGVa@MW@IHCLKH[~@AT@j@Qr@OXy@Bk@IOBkAGOFa@XYH_@BoAZ{@BwB^e@IiA?cBY_Ac@g@_@GOgAG_@@gA\WTYd@SNU^[TaBf@o@DUGO[A[a@KK[[e@GSA{@Bw@AUBGZWBOB]Ee@]i@JMDM?GMa@KIZ{@NeAZcANaAj@{@DWXi@P}@H}@C_@B_@XkAb@gALQRk@?IEGg@Cw@WFODQ?o@Vq@JcAT}@PQNg@LqBCg@?y@Nc@PgA@QE}@R_AHKH[Hw@Iq@FMJg@@w@LeAFY^u@F]Fs@Jq@?i@Ta@H}AAc@KeA?a@Le@Js@AmAB_@Gs@DEFQA{@Hy@GaCDq@Fa@B}BNqABy@Gs@@oADi@CmARiB@g@Fw@?YGm@Di@Ag@XiAFk@OiFFq@EG]D]Ey@k@_BAOB_A]gA?c@GWBk@g@Q@{@^w@CgAq@WGm@Be@Ec@Bq@Ca@Hi@Xe@HOGSUOEa@D[EWFg@YWIa@FSCq@Pm@g@iATa@@[Qw@A_@Ge@Yc@IcCA
35,name,2019-04-03T19:33:42Z,40.678775,-73.94426999999999,Run,8859.5,iahwFtfibMBDvC]VD^PpBGPLHA~@RDD?VE|AIr@?h@BPZl@Dd@?l@EXWf@Cp@KNI`@Dt@WrCJdAUbC?ZCZ@ZGj@Bp@JZHbBAVOr@ZpAEZBRHR?JETUb@g@bBEbBBb@KlAKZDZAXo@jC?rAYfB@x@I^?VKr@?PINEv@Mf@K|@YfAA`@MVGr@KXE\KTCBAPBDCh@Ib@A`@Od@AZFF?P]fC]|@Cf@Sz@Ex@DVv@TT^RN\HdACBJ\Rb@FpAh@VDTRfBNXNDL\BpBb@^B^Lh@Ap@Md@g@r@NVC|@PNAVQVIzABj@EXWNAxAL`@Gl@{@\UNFHTR@f@Qz@Cn@OXDfAGh@Qz@GNOLAt@AR@PH`Ag@^IbAGTI^?v@K`@@REBGFCZBn@KT?l@U|@@t@MZOt@E`@Mp@@r@Kh@CZOh@Ax@O`BGZGHBH\Hp@Vj@CbBI`@NZfAt@?HT\`AT@FXDZCLDDG~@MjC?j@ONMJ@RND`@AJHPB^Lh@P\CV]d@i@Xo@n@MBICo@TWRGLSJm@HUHQP]Ae@VoAZSI}@JKLQx@SDa@Rm@Fg@d@o@PcBfAMBoAQ_@Iw@Dg@Jc@f@a@\y@fAOf@KDM\Y`@Wr@c@z@SZYViAr@qAFa@Ly@d@QPcAHeAUc@W_A[U?aB_@e@DUIWLSXS`@k@j@KVmAh@a@Aq@NM?IGWw@GIUIS[Ss@e@SQCMKEQ@SIi@?e@CYB[Js@T_@TiAHg@BmANe@NaBCs@Rc@Hg@Zq@LaATm@Hq@Rq@P{A?UDCHc@DcANm@?c@Jq@^uAB_ALYFeAH]XsBHUZ_DNs@LaAF_@CW@WVy@LuAb@aBFyAZoBJ_BHs@@q@G}A@s@Fg@HgAAiADk@@w@F_@Am@DeBH[Be@@s@EgBOm@e@SGBKOS?EEMBMTYDeAk@}@QIBORGNMBuAu@K@a@^E?UYGs@AYHw@Cu@NgAG_A@UCEGg@J]?g@FgAJQEq@IKKAAMLUCGDoAZoB@k@CoA?_@ISQSUo@UM]Ci@LM?MEi@e@W?IGa@F]KO?k@Zc@?_@Nu@_@UF_@G]Da@CeAc@UD[NcABq@Ss@?_@Ek@[ADOBgAJICMWIEWKYLISIEmANMLAJ
36,name,2019-04-01T18:26:13Z,40.678532000000004,-73.944139,Run,9093.8,y_hwFzeibMJAFF@Q`ACKFj@Dh@Tl@E~@HTLdBPnBAb@GVF@PdBEHBDNHH^DNAd@Qb@Fb@Ed@XlACf@HPABMDLNL@FCZB^I|@Jp@Cn@H^?v@L\UpBGdB?\Jd@OH?RMb@E`@Lt@GIB`@CPNdAUpAKTFr@MnB@XOvAHXEBKl@Dl@Gh@Jj@BdAG@GZ?RHB?FObDDb@If@Ut@KtAWjABvAKHEb@]fAErABj@K`@Mv@MhBI^Cv@KVE`@@d@Cd@EB@LGIQNSxBGP?h@HTSTQl@Bl@WhBBEI|AWxAAp@ERWb@C`AW^JJGr@W\Ep@IHCL?TI\DrAGD?`@GP]d@@vA_@RCRA^BRCx@DXPNlANZX^Nn@@p@Vv@@x@z@f@MRHVZXClAf@n@JLTKtBBZEh@DZr@n@Pj@b@Z`@hA^XlAMp@Jf@^PRj@Ph@MX?j@R~CHbB^d@Ej@g@bBm@pALLNF\\|@^Jb@?HFB\e@jBHb@J@XVb@Hn@Ih@SfA{@Z_@dCE`@KnAm@l@Ij@?lAt@JTDb@LTr@z@t@p@^JlALj@CVMPYBUHOB]f@i@LYEk@Ki@OQg@SwA?k@Cq@c@KW[WQBe@VoADYMS[Gu@s@eCSSK@JWEE@QCGIM_AOMYG}@R}@@[Km@_@S_BAoA^m@d@c@DQNMAa@W{BZkAZs@Gy@`@[BSXSJuAIKMUcAGKWQKUW@[Xs@Tg@b@]LKRIFs@Zw@Ny@n@eBv@a@d@MTKCEG@KcA_@Wm@G{@B{@NUD]IgAF{@L_@Eo@VaA@{@TqABaAFFHIJe@r@sABeATu@JwAT_@AEBIA[Z]P}@AQIMgAGBa@\eBJKFWNkBLILe@CuAFJBMFADKEm@DO@a@JWBe@L[Hg@@gA@FFOFcALs@HaBFCFUCYH[?cAPi@Di@ZaAJcACo@L]Hk@?oBDWCoABECWDUKc@Jw@?YPy@DaDJ{AC{@Bu@Ec@RsC?aALcEGoA@wADq@Vu@EwBNwCBgCGoA@u@IM]A]OUg@KEgANSEUBs@WsA?]Kq@Ca@OYVw@AYFs@s@]IaBAEEs@BiCj@GA_@u@YKMPq@Nq@Ac@Wm@Om@\OBo@aAgAb@u@@k@Sm@FWEYc@
37,name,2019-03-22T19:07:28Z,40.678604,-73.944123,Run,8649.6,g`hwFxeibMr@AHK`B^`ACNHLX?J_@n@?r@Ez@Bx@Q|BDj@CdAG`@@hAM`CK\En@BtATz@Md@Dr@E`B?l@GNEj@IVBt@EjAFn@G~@DbAARKRA\IJMbC?JLp@AXFh@CHe@j@?nAO`@CTQZGZMrASz@@n@IP?JOR?JWr@IjB_@`B?^QxAGRYzBUfASlBGx@Ap@UhA?RShAUpC[rA?n@K`@Cr@Kd@I~@?f@BFCr@aAjDQjBKd@?`@WfBAp@Qr@Iv@Cd@FVEDFVc@[u@Ku@[_@X]Nk@l@SHKLJE_@BAHwAb@_CKQ?CDWGAHWL}AKm@Js@Os@Xy@JaAf@yAVUP}@OQDi@AWNs@N_@PY[OGeAHi@RYh@ANYAQEDBGK]Mk@@w@RCEQV_@UWAs@XQ?@FGJ_@CcAXgCLIQBH_@LK?GNcADqAf@e@BADk@L[Ak@Lm@m@w@T_@?cAV{@b@WEe@@UFWXs@@AJKEES}AXm@Gg@YQJIN]JUZmAl@a@BkAIkAP[QE_@Dm@d@kAES@SJO?GEqBEOKI?IFa@AQHk@?[BGKoAF}AJm@G}AF_@GeAOMAM`@wA@OAO]i@CO?[Ba@Gq@GI?GMGBQIQQ?ZQIc@DQI_@IEGMOiAEONWFGEc@BQEc@UEO[Bg@Po@GgAOeAAg@DSK}@OUGe@Wa@Aa@SW@GGOGEBE@[Xe@Ic@MSJQ?EG?@Kx@a@vAGPY^JJAb@]HAPONHJAbAYZHX?`@UHABDVGDGHP@GP?PBJIAIFCZDFMl@Bj@IX@^Kj@Av@_@bACXHt@[v@?ZS\Gd@FCKN@JGpA@pAYZDvASCB^Md@GHIxAOLBHI^Cr@BbBGxAZh@Y`@Bl@Qn@?p@IlAY^B|@WlB?TMh@c@FFPIn@HTMf@?RI`@AROf@KxAFh@I^S\Ch@DEEXS`@@ZOt@Dd@AbBa@nABt@c@lB?j@m@?a@FWH}@XmAAy@Ec@Pc@Bu@XaALcB?OMM@GEa@AUJ_@EmABi@Z{@@SUm@?{@I]NWEYDIHsAFMDAjACXHf@@LOBwBFg@Ni@Cs@EY@ECw@Hc@DuAGM?_ACGBOA_BHe@@i@Fu@CsANu@JQAIG?FGCO@k@H_ADSHEjAHNJ
38,name,2019-03-21T18:08:08Z,40.678691,-73.944129,Run,11280.5,y`hwFxeibMxBO?Fn@K`ANd@XDGMPBHCFBLJ@rEWVMp@@BHtAKJD`@|@LHd@Un@I`@HnBSf@P|@FRX^PxC[AZPCFFHO?HhA_@ZBBFj@GdA`@XCj@[DPn@?DRVTvBEIv@@b@?HLTBn@SfE@~CGl@?`BKZCz@Mn@FbBDnCQlABfAQvA@dAOxBLjDG@B\QDGd@FlAM|ER\KEUfBGL@~@SnAAh@Up@D\KJ@JOLM|AW|@?l@MTA\@RHJSh@EfAGPDZGAMTK^@XQHFP@d@Qd@E~@IM@JPRYpAUz@EfAOd@c@rCWdEQd@A`@QPMRSx@w@bFKxA_@hBSjBF\CnAPrBCp@b@hAVTZl@Lp@JL\Rj@MNWf@B?Nd@Jj@b@RVAPZPZr@dCtAh@j@`D`ClAf@~AR|BHlBS`@QPJp@Dl@OLDr@j@Xd@nAz@LT~@~@jBr@bAn@xBzBTp@b@n@Xz@VZJ@XzA^|@@b@b@r@Xv@RVrAfAp@VlAXfASj@o@f@aBXaCL[RKI]FKV_A|@y@p@_Az@yAPe@Ls@^w@l@c@p@m@v@Yr@CdEf@n@[HBBM@Hp@@BHhBwAhAgBbB}@RIpA@rBf@hACVHNK`@DrAw@`AoA\iBC{@Ek@M[K_BKCMU]_B_B{A[e@Q[g@oAQ}@m@cBE]AuAQe@B]IY?k@s@qCuA{CgAcBwAu@oAaAi@QQQEFk@SyBDu@Zy@JiDjBc@Gk@Fq@M_AFi@TsAz@OKe@oAa@w@Ke@OK]EwC`@{@T{AF[Ka@g@uBuA[_@G[CiCKUBIIS?WMYg@RqADyEn@i@AwAd@wBHeBZyBJOE?My@@a@Ia@JkAb@UG_BBSIw@AoB_@w@i@_AGSKg@?gBa@KDyAeAgAIi@a@LD_@Ba@S[DWTDGEGKBIM[Gw@e@iAOa@WkDa@e@a@y@USSs@@i@u@@E}@QCQPmA?kAVq@Ec@H]Ee@Du@DCAu@Tw@PuBAQPc@TqADAKq@XyCb@iAPgACq@PyBBqBIc@R}DGiAJm@B_CR_AFiDEi@NyAEo@LaBAYGKw@Ac@Oo@Ps@?uAe@q@a@DSG]DOEKN}@I_AEGFa@GoCF}@Zu@AEgB@]i@KAiCJu@Ei@U
39,name,2019-03-18T21:03:06Z,40.678488,-73.944091,Run,12288.0,o_hwFreibMhAQ\RJGFJ^Vn@g@r@N`@B~@Qp@x@rBL|@Mf@Dd@\hAATRtBi@h@BbAZt@EzBDXh@LDrA]f@@h@^`@DXS|@UFLFK\I@Rv@XZE|@P|@OLNIlBL~AAPIDBz@MRJf@?`AQlA@~@UPJZF|@UtBHz@QpHSp@Lt@Er@?vCO|BC~@FhAGVC`AILExCQtCSrAE|AYjCU|@W`BDhA_@pDu@`DOzBAjAK\YVJ@?NYdBQd@AjA]vAM~CQzAkCrI]nECxAG\b@d@Lf@E|@Dh@Gx@R|@NRLlARt@b@Fz@Sn@Vf@JTNj@pAt@dAfCdAjBvBnAf@nBtAdBDf@Qr@D~@U`BB~@Kf@ZnAZtAnBl@l@ZR|Ab@tCbCnBxCn@zAT\~A~Eb@d@d@v@\H@JJF`AX^f@FGBJX]h@C|@i@b@o@^sAGQRsAEy@J_@dA}AvA_BTm@RgANMDQ@HCIXOX}@tAcAbBk@fFR|Cm@^MXm@`@KfA{Al@e@tAg@`@IfBJBJ`@Dh@KnCL|@s@r@oBDYGeCGi@Qa@@QKCw@aB{@cAe@qAa@m@Kc@]m@i@yCEo@BWKWSmCg@yBSm@Ya@Mu@[IUe@K@AOQMJ@_AkAuA}@aAe@kA[IQeCO{B`@mAv@iAb@_AAaAZu@GoANoA|@yAr@}@NiA`AcATmBfA[@gAb@_DHcAf@{@BDAqDrAWAEJDHm@R{@^QXw@j@S^_@Vc@h@Qf@c@n@uAtCWZmAv@oBAuAv@wANiAEuAaAcAa@gAGo@N[Te@`Ay@`AiAXs@l@_APQs@S[]iA]c@AU]WU?DJG@QCSqA?cAJEDeBXwBEgBb@iCn@iANgA|@_DNyA@sAp@wBBu@VoAPYKKH{@?i@Ps@PuCd@{CAs@`@qAX}CZe@H_BPu@LuBHc@^qACk@Je@Ga@VaAE}@BWECRgBC[Fi@CkBHg@PWKiDCyBL_C?oALUD[GMHa@A[LmADsABmBMgBTw@@_BM_FN}@DoBq@QoAF{As@w@\c@Q}@CoDD{@Mc@_@qAPUM_@?aAWqDN_AQm@@yBg@W?]\EMQFg@GOKCOW?u@P]Qq@HiAW_@?i@WaA?CFMQMZcAb@
40,name,2019-03-16T07:44:28Z,40.678571999999996,-73.94411600000001,Run,26242.5,a`hwFveibMz@L@On@Gf@b@jDEjERdDf@pFD`DVpAVfBOrH\~DXElDa@nFJ`Ca@|LLx@SpAGv@MxEElCLfAIhDQ|@AdG{@lJiAzEe@lHk@nBg@lEm@~BWhDq@hCHbBWz@Tj@m@vBcAxFAzAe@vBHlEf@zAt@b@RjA_@xB^q@BeA[yAe@Su@iBIeCN{ACwBxAyF\sCK{@Lu@l@]nAeHZ[`Hu@`E}@~EUh@_@pBB\m@pDIz@c@vBJhAe@xBDtBa@`@FXp@KhBJdBe@h@sCxBsHbEm@p@y@HuCvBqAb@g@p@_ATi@bAaFjCoAbA_AVwAlBeBj@c@j@w@NqAhAWWuBhBGj@d@Ar@e@tAkBrHaFlCgAdDeChAs@~B_AxAwAdD_BjDcCtAg@bEiCb@\\Gv@s@Fm@^[z@ChBdB\D~GaBpHKbHeAfEGzIy@j@RbB~El@~@rAzELvAzAtGzAxF|@hBl@~Cz@nBPrAn@lBLnAj@bBMd@i@l@u@kAm@eD?qAa@}BoD}EmAgDg@aCi@aGOqCg@e@}A{CeB@yAi@a@JaAdAiBeB{Ad@kCHi@p@mEeC_BHmAfAc@Hm@x@eB|@_BFgCjBwBd@eFXiG`CiAv@}@RcD|DoBfF}A`AcBM}Aj@oBJ}CeBiBUeBxAe@jB@z@b@hB~BnBtAp@DXpBnBrCbAnCd@|Du@zC?HXzCpB`AzAtB`AhBfBx@rAp@\f@`AXrBhA~CrBtBzBjA~@DnAi@`AgCFyAx@sCt@yArAcBt@gCrAcB~A{@`E@v@XpBShB{@nBeCzB}@bC?fB`@zAQpAL`CtA~AhB|@ZrBy@`BxEAd@X|@h@bAbAb@|BEdEu@hBEvB{@zCWbDIbA\jSkC|H_@jDw@`F]dAu@n@JtFQxBk@jMcApAe@nFWrC[xEm@nBk@bE]vFUjDw@tCIxGo@zOeCpFWvEy@bNaArA_@`K{@`Cm@zBA~AM`Dw@~CClIwAxGc@vJ}AdDWn@Tx@k@|G]dGgAlCGzGiAxGa@jOuBbFWdFk@bJpA~ABvCv@vBHpBf@|DT|GzA~J\zDfAd@I\RjERvJvAnB\jAVj@d@~FVzCn@dCHjAf@xFb@x@dC`A`GDhHYzE{AdMw@hOdJd@TVj@lM\bCZhL|@jLGhAJrDYiDLcDs@mKw@qI@k@JI
41,name,2019-03-14T20:39:10Z,40.681585,-73.95563800000001,Run,1261.3,{rhwFvmkbMr@?NB@IDBDEHMRQHw@Lg@@OEgAJa@?_@EIDEHWJKJWBWA]HGH?DCT]GaAIy@Bi@AYD}DA{@Dc@?OB[AgAGiAFYAIDIAO@{@DCZDHEHPDBb@C^@RBFAJOBa@M_AFC?UFECaAJUG]DE?QDS?QKQ?QEODKEQFABEDa@FQ?_@DK?GBUHCSSDU@}@BGCQD[C_@?WDm@DOBS@aADs@Ly@?q@E[DABEZAXJf@B
42,name,2019-03-14T18:44:17Z,40.678501000000004,-73.944078,Run,8814.6,s_hwFneibM~@DpAGl@FJFXCJTCPDFRD^Qd@Ih@DNFBEXB@MjBULHAFnA\b@Bl@YCh@BDt@H^Ih@?j@e@NHLABJVXVCFVl@BhAIbAa@H@HEGRVDBHHAFRJBTGf@L`AQRAHJ\AJDP?H@TH@F|@O\H\GRLT@LGj@Nb@FZ@FF@NGh@Ad@Op@?PDRApACR@x@E\BNEhA@JI~@@\Gl@EHEVA`@JtCMjBANDXAXEDBTO`BDZ?nAIbB?j@Cd@B`@Mj@@PCDB|@Cn@EHAr@@VCP@f@C^BHKlCDDGNAPDb@Ep@OpAEHKh@BHEZ@b@Oh@?PKXAVED@HIX?J]~ADF?\YhBIVElA]tBW`AY|CYhB@\Mz@MR?`@Gb@GPMzAOb@O|BYjA?LENCf@BJMj@@H^`@@Nc@lA@Dw@hC]vCOZGd@EpBQzAEzABv@b@fAf@z@RxANVX|ART`@P|@n@n@ZT^RFPLFN~@p@h@l@x@Xr@t@r@TPTfAv@Zb@ZPRTTDVXNVtBnAh@^nAlAt@l@\j@~BxAr@\f@p@`@JZTNXXTRHb@^J?BFNF\`@p@^RFWIC[HEEIMEAMDKVWDAFM\_@BGFg@JWVa@^[hAeB?Mu@o@_@YOCYm@}@c@g@e@u@WgAk@Y]AIOMIU]MQWSCKOGa@q@g@u@CKK]Cg@Pm@AQJc@BEEs@LaAAmAKCISCg@@cAi@m@KGM[SAEWIKOCOGECKGCUa@q@Yu@k@_@EEK[KOUm@g@QWKUC[CEo@i@UKCGMCSQI?W@cAX[E]oACUm@o@Kc@Q]BwACi@ToBEQ?[DIDk@?OFOV}BX_BN}AJc@Xw@VgAHI?Gd@yATcAf@mER{CLa@JiAFQPmAB]JQFa@AIDIBSCI?WDSHmARaAR}A\cBZiDNgADq@HYDm@@a@Nq@d@qCAe@BGA[Bg@?q@G[Fg@ASFc@AYF_AGc@]E_@D{AA_@Kg@BmAI{AHMJg@Ia@Fc@KUSy@?o@Ka@De@CUFoBEkAWmCKQQg@NIE[Hm@Ds@Qi@?_B_@]N{@F[l@gA@a@E]HkBJGCa@Dm@RUIgBT{@H{@Ni@B@gAGS@ILKJm@GUBu@OkA?g@EENf@ClABvAQrA?X@TOXG^
43,name,2019-03-13T21:19:21Z,40.678898,-73.94439799999999,Run,7319.4,abhwFngibMh@SbAMPW@ILHZBv@IRJf@STCAHBDDAHHRD^I`@Tr@@LT\B^UJQ?LNEFHL?PDTPL@p@K|@NVRBdB?HK\Aj@F~@Cz@HpAKZANJpAS|AFh@CX?b@QdA?RNdAEf@B`CIr@OVK\FxAIrADt@Kx@Ft@GZFZAl@UbAE^BVG\F@@`@YpAKx@?b@a@fBAZKd@ChACVERO`@MnAKTEZAt@MdCH^\p@CLKPw@tAId@Mb@F|@ILOHCHJTSh@G`@BvACHDNEF?\BNQRWJKRAPJNCDBLGLEd@Mv@Cn@K^KpAEBSl@Ij@GrAo@bCWzBMdBSt@Ip@@DMTGp@Ib@A`@Gd@GZIx@IZAzAEDGRDl@E`@Q\@JI`@Q\GnAE^M\A`@@TGn@]fBUv@GdAUdA?x@e@xAGp@Cf@KZEv@Sx@CzBI|@DVe@x@I^Eh@Ih@MZOPOb@]zAA^GTa@|@IVILIh@Wf@QpAOb@Q|@OZSt@It@GPMFCLMPIl@EDCZKJ?FGFKR^eBP]B[He@Ve@b@_BTm@T[LMIs@Hm@NARKAe@BM`@sAd@u@ZiCNg@\k@@IFs@AUBIE[NKJoAJK?GFSDa@Lk@LiAAGDGE]BSAg@Tc@Ba@CSFa@DC@s@R_@BYX_BRu@AOJy@@k@V{@BcAZoBFOCUBa@Pa@\sBDq@TuAAQB[?URy@Dg@Ru@Dq@N[FSCg@@O\q@FYD_@Kw@BUPUM_@Le@?g@D]\cADo@E_@BQ@I^i@Jq@b@{ACg@E[?[Jc@GUBQAKFOAGJkAb@_A@OCo@@WNUAe@Hs@RYZQDI?k@Hs@TaARY@SUkA?a@BMNUJm@Bs@Iw@V{@@SF]?OFUAc@Ni@D{AJs@@YT{AJU@OCk@Bc@?[BSL[@m@Ea@Bc@C_@BQE}@Ho@Ge@De@FK@MHSCe@DE?GGIF]?s@AQN_@DYESJm@FIFq@Ok@?[Pk@D_@AWScA?k@XyA?WPi@FGBUCGEs@O}@Li@?OAMDA@KHIH@KWIm@YuA?QGQ@IEIE?AGIIM@OI[BYGOBWO_@AEDEG_@Ls@D}@MDEOSi@Ha@RKAOKWA?GSAw@L}@QG?CFG[s@H@GGASLM@
44,name,2019-03-12T18:25:50Z,40.678651,-73.94428,Run,6501.0,q`hwFxfibMSAm@So@A]UI@[?]FEIIAYBIGEm@G]M]c@YIA[JaABo@XYDoAJw@Pc@RQD}@FKCYMM?[JYRSAAGGFSBQFy@?m@A[Fu@Ti@?GBk@TQAU@q@LQ@YJUPQAE@EDGAOOE?e@Ns@JKFIAa@DCEe@HICOLOBYCUFI?c@EID_@Zk@DW?SDY?q@R_@A]H]@G@UPSDWBgA?UBk@LWB]Pg@B]EEBi@@YBu@N_@Dc@LS@WLk@Fi@OIG]TEAIBU?UHc@Js@Hu@@QFSRI@QEWFi@@a@NSCc@ByAXy@AaAPm@VYEUOG?WH[PQDg@B_@FcATS@e@HMHG@UIK@s@TAIC@ULUFaADc@LWBM?c@HKAEBKAWFOE[DKDe@BYAMBUFINe@TYXk@l@IRMLEJg@h@WNUVUZKRUXCHSRE@MTy@|@GJKJODWPIN[T]h@\`@ZHPLR\@DLJ?PFPFDVj@JZVT?FPh@HF@HZ`@Pp@B\DFHCFHNXXZNb@b@h@J^D?JXIBYOK[GCIMMKIACGKGCc@GA@UQq@U_@?GOGKQOg@W]Ss@GISMQk@k@e@OEEOYYC_@O]IIHWTQN[TSDMDA^m@`@c@f@u@lAuADQr@_Af@k@d@m@VSBGRQFIVUHCJ?ZOJBLANC^MRAR@PGn@NREXQd@IXMn@GZ@JGXAPMZARGN?^MVST@r@GNGH@NQDBb@AFBDCDDp@G^@TE\QJAn@BJCJKFDDEb@UDBF?DER?JF\BLG`@KZA\GCDJ?ZMXABD^SZGl@Xn@SVQVKJBDEFBZCPBVKPAj@YDABHL@j@MFDJ?XEFEb@CJBPG^Gl@O~@AJCTAZKTGH@TIdAGhAU\CPONG`@EJ?XGZJb@Qd@Cf@U^ZB?RKh@KZKz@C`AOVMZALDd@MJAFDNILMAJd@INFZCFCDB\GJEDENAZIb@@b@OT@VCZMJDPATGBGNCDEXABEXGN@RDFDFALOTANIt@KJ@LPF@XKd@WvAOf@@^IRIf@AXBh@SREVKD@^EJKALPVCXFXJPLHZJZ@^JN?`@P^KJJXD`@JFAF@AP
45,name,2019-03-10T13:41:53Z,40.678585999999996,-73.944374,Run,7649.7,c`hwFjgibMGOBG`@QT?R_@P?REFF\Hh@TJIVALDJE\HvABTCRHh@D`@EZHd@Bj@Pj@MEEl@LDEb@?~@RrBVp@Uh@DPHr@GXDt@GPDRCDHpAF`@N~@JzACtBRr@E`@J^I^SPB^Rd@HR?VFJI`@Vv@I|@ALBd@X~@CNFBCPAf@FHKLAZJh@?`@FRHh@Kp@\RDn@I`@Jt@@VFf@@d@SxC^dB@JFb@D`@C^Jf@?`@Ht@KX\H@x@UF?KFc@DWXKDK?i@Uw@@}BSYJo@BQCc@Q_@EYBmA_@_A?u@Kk@Be@Ma@AQBWL_@[MCc@D]CUJ]MMBu@G[K{@A_@G[@i@G[Gk@H]CIJ_@LW?eA[IEIQWyBL}@Ee@B]?u@Dm@Ei@Hy@Cc@BoABGCWDULS?YC_@Fw@@_ADU?IIQBSCI?MHUCy@Hk@Ew@JaACs@EYFK?QBCC]Fs@AGDANsBAgAD{@CQBy@CY?cCDO?i@P]H_@IsA@WCy@FYIi@Ac@BIAUNy@COBs@AMB_AEYBEC]FM@e@PiAGe@Bc@Vs@?]GYFcAK_@B}@B[Ee@Ds@Ay@@c@D_@Gc@?k@DEAYNQ?K?m@Du@?MCIBuBF_@?SLc@Gs@@}@Ia@FO@_@HK@M@gAEy@Bq@FS?Q?c@Gw@Lc@Bc@CU?_@Do@EQMEGHUDOGi@Go@@YOo@@c@J[AqA[[Qc@@a@ZG?aA]e@N]CWFQCGKUBw@QUH]C[FWAAjAMrA@r@C^@pABf@MzABr@AxAMfAF`AAbAG~@@`@KhB@`@E`@Db@?x@F`@W`B@h@Ej@EhBIl@Fh@Ob@BnBEj@Dp@Kl@?\O`ACr@BXAh@DpAIt@MNENFd@B`AD\WpC@p@F\?TA\Bv@Af@IJWJQCa@VGJw@EWJOCq@[OMCM_@Xi@BIHCTHf@AZBNEhA@h@G`@EbA@^Hp@CTIRIHk@@s@PUI]HILEl@QXL\BVMfADP@ZK~@Od@AH@XJf@?RCZKFD^ArABb@IXAb@HTKD@NFHDl@E`@Ob@FTGBCNBTAd@FZQjAOHa@@WT_AKMBSKW@s@Qw@?s@QU?CFMBa@E
46,name,2019-03-07T18:02:08Z,40.678622,-73.944257,Run,8113.6,k`hwFrfibMLIF@v@QDGXB`AC`AOf@JZ?dAXRV@HHDvBSN?NF@TSz@C`@@ZKrBAhBEz@?d@Ph@A\NDGTIt@Et@DzAMzAEjAFt@EXBpAIn@?n@EJ?XEP?d@CfABTKbAFt@M^EjAG\@LH\Gb@?j@Oj@SbCOx@Ev@@j@ARQn@Sd@IbAYdBYvBAj@IXCPEDAHG|AShASd@EZMNCHBZGZDPWjBA\G^?TCH?HQp@CPAvAAHGLC^Fd@AZq@|AG\Dj@Il@OVCPKFCTS^?\BZUfBBDGP?HK`@IdAWf@Ah@Gz@?h@Bj@GT?v@Oh@Gv@Mr@I@@XMb@KVCf@@JEJEj@ERM\@FAJCJYGBh@IXIx@Qj@K|AOv@?`@Sh@Kd@E|@Mj@EfAEF?FEJAXG^@HGd@C@IV?XCNEt@_@fB?b@Ev@BPGX@lASFGHGXCRFR?FEBDFAJYz@ClAE\Uv@?ZMXILSj@YbAE^Y`AMLWdAQd@ANKNCPOVGVQ`@Mp@]hAEf@IXE`@O\Kp@c@fAI`@KN@RYj@ETYj@@RG\KH?HMd@Kl@Qf@QZ@FEBU`Ay@nBQrA[~@?HEZ[f@EV[|@YlA]dAAKFg@FYP_@LeATgA^cAh@y@\gAZeB\gAAIFEJc@FMH[VSNUTs@F_@JIPmBHOBSTWRe@AS@QVo@Be@Jc@DILs@FEBUL[Ho@Xo@Ns@DM?]Je@Xy@Zm@Bg@PUt@yAVY@QC_@BUf@oAGkAHc@By@Pg@h@e@Eo@FUCQHC@ESu@FE@FA[Tm@NcANo@C{@Dy@Lk@Ng@HkAJYBY?e@JuAd@sBNoBLa@B]Lm@Fa@Ru@FgAFW?s@JuA\eCT{A\_A?k@BEJg@@w@FYVYFMFm@GaAD{@Jk@LeA?g@D_APa@PsA?OJYBSPm@Bg@Ne@FaA@[Da@HOL{@HYBQ@w@VuBTkAPm@@{AHm@h@}CBe@NYPOFMAy@OiAH_APw@JuA\oBHQZiC@[I}Ab@wC?_@D[@gAB[Aq@?wAF_@BeAAi@H}@AWDQAqAGi@Lm@@q@Hk@E}@@c@FkAFY?e@L}@CmAHs@CSDMAq@HeAIk@BqAo@E{@YgAHWECHsA?YIeAI{A?aAMqB?NJ`@Kh@H
47,name,2019-03-05T17:22:24Z,40.678674,-73.944249,Run,4918.5,u`hwFpfibMMIq@NOAIKM@GCG?KTGDKLAFBj@Mh@DhAClBBJN^Dj@G|@ArA@RGd@c@rMLIGDKn@Ap@Gd@BF@PLR?PCDEJARCv@@FIp@@`@Ev@ELEh@E@GT@JGb@Dn@Hl@AJ?ZCHEFQ?IFKBIRAR?l@P`A?dAJl@AFBH@PJf@Al@ALGJKJKDE`@Uh@SdABZK^Gn@MPK\Sr@@VENBFSfAA^CXAv@@v@Ix@I\?l@OdA?NEH@FOd@ATIH@HEDCb@GZEh@GTCb@WrA@`@QnBCF[ZILCrAM\O~@Q\KH?Fi@EQJc@B_@?GCS\m@TU@OAa@IMK}@MOBSRIDa@Do@PGAIDOZUPKAEB]AGAAGECMDu@Fg@AYDi@?WNi@Jg@EQ@g@V_@JCSEEBEJGb@GLFHCCGL?JEZDBACIDC`@GF?h@Nh@]PEP@VIF@BGR@\Q^@z@Kd@CD?PHN?FEj@C`@K~AFTWJ@VE@Ih@OLA\DHCBGR?NEHDBILAPBXKFe@LUD[?c@CYDm@FWJMAU@m@Ja@Fi@@]Ne@?c@D]XgA@_@ZgCCMDQCIRWFQB[Aq@BWJIBGDWTGBGHaAEO?SFa@LkBJe@CKHI@]AOL]B}@HYBYPo@NiADCH@HIDm@?mAG[Q_@G]K[CUDKEY?QECAa@BKTOGi@F]DGHADFH@RLBC?_ADo@Jm@?y@Bm@BGAIBe@AIBGAUDg@?OKu@?gAPmABgAL_ADG?KEGBICa@A_AI{@D[G_CHy@@w@Xm@B[DIDWGq@Bm@KU?GBG@QGWISAIDS?oA^gBAk@IM?OROZKRB`A\LJ
48,name,2019-03-04T17:43:00Z,40.678697,-73.943998,Run,8397.3,y`hwF~dibMTLPMLJtAIFETF@FnAJx@ANInAZFF@^F@REPOh@IhEVHLb@@jAQrBVDBHZGP?h@GXBn@Cd@ORi@bCCTB~@TZ@TLb@Bx@Ij@GfAFd@AR@JEGCFIfABn@Ep@Hl@AJG?ELMf@IJH~@?p@Wv@ARLfAEJDVKr@R~@Ef@G\?ZGn@FRRJJMRHn@Mn@b@L?DJJKDMd@RbB@d@EBP?zAKbABRARg@vCA^W|AITAn@GVEv@SrACz@KfAM\Ab@Ot@QdBC|@k@hBKfAIrBIf@QVO~B[rA?n@Kr@[xABFCX[bA@f@Er@O`AD^?ZWhAEb@KX@j@MjAQf@C\UbAMpB_@hBIh@W\APh@l@d@lATb@Nn@Dp@HJ`@LJIR[z@]jASLFFERNhAY^zAIPb@FJVFZ@l@JRD@FjBQpBC|@ZP?P_@dAq@z@ET[d@[p@Kd@BDCZB\?b@Sl@[VYpAw@nBGVCn@IPAPQn@?JPh@TJV\ZDh@f@h@z@AJ^WNVVTf@JVVDTTVBND?U_@]Uo@s@gA[]FU[Qy@i@?SIQKa@c@YOS?[[KUYBCEBGGGM@GMOCGOaAUOOMYJM@w@Re@Ag@DSz@{@Cm@B_@T}A?Mh@sA{@i@Kg@IGo@@SI[g@EUDQTO`@_AIGGQMQSy@ViBTc@f@MLSJ_@b@KJYf@o@TGnA?RQf@UbASNKLAZJTIIk@HgAO_A?GVo@Nu@@o@PU@UGi@L[Di@IkA\{@Bw@FQZk@b@cBV[KKb@aA@o@FYAMDCEYFE?GEw@La@HCHmAVw@BiARs@[H[MMSk@@gC{@IOC_AMuABOD?Bu@JM?a@FWp@mA^i@Ga@GE@KE[KUD_@CUH?@]P]?a@I_@k@C[OIO[KU_@ESJwACs@D[I?Rw@Vy@Dw@?yADQd@mAEO@GGUCa@Ns@HG?QBED_AM_@Ao@Bo@IcANsA@qAFg@X}@SKCSDg@C_@JK@GE_@BYGeBDMEq@JiA?y@GOBw@DOJUFs@IKu@?i@QQHEESFQMDaACe@MkAWy@BCA{@Je@DkADQTc@YoAGGuACs@Is@LaAJOCIKIDc@EEG]?m@]_@JYE_ADw@COQk@CWH]Ge@@uA[_@HWGm@HeBWQL
49,name,2019-03-02T15:27:15Z,40.678874,-73.94419599999999,Run,17912.0,}ahwFffibMiACqAeAq@ZGqA[_@{RtB@NAW}@DuAv@cAH]Os@X_DTo@QiAf@YSqAJ}@`@AN{@i@k@x@g@LaCJ_@K_Cz@oHr@_A^oDBsD|@w@UaB^i@Uk@VUh@yEN}Bd@i@_@aBdAKMqA@]\sDRkCt@iBFmA^aA@Yg@[Kc@~@SjAKCe@z@q@NJJi@}@y@[D]sDcGwE`GkBfBs@w@c@OwAYyALQU?_Bg@m@OeB{A\k@g@{@Xy@[e@r@k@XoBa@{Av@eAQ_Eh@iBCoAj@gF@{@p@}Ab@gDTi@[kA?qCh@cCx@aBQcA`@i@CgANu@f@_AU_@B[\kCNy@MmAn@gA[kBP]OmF|@_AYiAv@kAFQRu@Mw@d@mAPMd@sBx@]c@mA}EAwAY]k@f@{IxDsA`AcAPo@t@wB~@iA@[z@sBjAoAd@uApA{@KiBx@}JhA}DDsBj@}B?`@f@p@JYn@qAZsGRyDl@i@W_AHkEkAqBUwImCmDi@gAk@w@\c@eAkCDw@k@}Dk@Og@jA_Jg@kAm@eEw@wBKuAQ}As@S{@cBw@QW{@{A[eAcBCLqBe@k@BuAc@s@uA_CcAyBgB_AGe@oAIkB_@s@NcAuAy@_@lA@`@c@TYh@W`ADn@yCnD[l@ApBYfAD`AUv@y@~A}@xCkh@|rAApCeAnHg@hBQbBm@hAq@vAs@jBq@zBWzBq@`AJ^c@fCo@|@i@~BQBqBnGf@Sy@n@i@|BFNq@bAQlAi@\}@rCWtA?z@c@hADb@{@Sq@JeAaBqEe@qCyA]k@}@Sq@y@e@As@u@iB@kB|@uA]i@hAg@\sCy@yAgAe@cAwAUNyAKoAu@w@g@\QUKHNU\RfAy@kC_AkAf@]j@LhEeArEOjCH`CQ|AYx@s@j@sAbD}BcBcGj@iCSyEaD_@aALK?UO?GmAoDcDcC}CeCaFaCu@kCHaAUuAgAe@y@WeAcAwAcCiBqAo@_AGkDtAuANcBUqDuBa@BMX@n@Zf@nBdAtApBJIjCnAbBzAp@NrBvA\@Ta@~@_@p@b@jAdBl@lA~@DROFuAG{@SUl@W\D|@fAz@rFjBu@x@}@vAFh@EjA~@
50,name,2019-03-01T16:59:38Z,40.705348,-74.009865,Run,9241.2,kgmwFt`vbMo@`@KIMBSIWk@g@Ys@Gy@pA`@cB]AGS[k@w@i@iAOp@@CGD@[SmASDQASGGIUK?FMe@y@GU@^AMAHEAIUy@s@g@EMKGc@a@uA[Y[o@YM]Ru@sAc@@Ya@wAIKEEQWv@YNSTQl@QNe@w@J]GABWOBFSGGEQc@PK?EGWNKZMFe@g@]}@Gm@G]KIGQKaAHK\Oz@}@^Yx@kBXURg@XS~AqB\[Xg@Vs@p@i@v@mAHAb@k@HARa@f@m@Ja@Ze@nDqEb@y@lB}BLc@TQt@gAx@qAHW^QnAmBvAcB\k@JCR]b@UHWp@eAVq@bBqB`@[h@y@N_@\[fBcCTe@b@g@j@y@L[p@_ArAmAf@o@P_@TSh@{@d@c@v@oATm@r@y@`AwB`@_@nAe@lAOhADjAYT@z@TrCIz@TtAIHHnAFnAQfB?ZILHCUBC`Ad@R?JJHKJ?f@XXB^RZ@XNb@Gb@Y`@Bv@v@J@I}@LABGLJHGV?n@MLGDm@^y@X_@`@{AHMJCp@NtAnABAZPf@Bv@x@|@p@r@b@JBb@GBHTHr@j@NHVFVE\R?n@z@Bv@`@HPJHb@DFLb@RLC@a@FUf@{@Vw@Jo@`@gAVeAFc@KI@KJc@Fs@Nc@@Wh@}@Pm@Ba@Xo@ZkAh@uAAOTe@Dc@Z_Ap@eBFw@f@eAHm@Zy@j@yB|@gBA]VwANOPi@LKp@}CRm@X_@Bu@Jg@rAaE@U\i@`@eBDk@xAwEAg@@gALiATm@?q@RYF_@d@cAJoAJ_@H_BJk@GkAj@}CXw@C]d@}BBqAh@{CHu@^eCDuAHUNOFi@Ta@CkAD[FU@u@Pc@?OJQHmA^iBEk@LU^yASiAx@cCBoBD]HU@i@h@uCBiAJq@?[T}@tAqKBq@HOB]BCDYL]HeANo@Da@JyAX_AP}@HaAKk@JOLi@JoAf@iC@uCTc@CSDOBaAHs@I_@D}@I_@C{@FCAGLO@}@Fc@B_BFe@Go@Fe@?mBFq@@qALmA?]S{@DeAG_@o@L]CSIMUDkAIg@@q@IaAHkAFOAg@FUEEAk@DyAyAi@YLORO?a@U?GEKw@AGQBE
51,name,2019-02-28T07:34:24Z,40.678313,-73.944425,Run,5013.7,m~gwFtgibMDFCSL@EUH@B_@FAVMF@FAD?LLZAx@FFJ@NDBZFVAd@ET@PCXFf@Gd@@RAp@HBFBPEPGPGd@MRMf@E~@@Td@fACRDNQZOt@Ch@@b@Cx@Ip@Fr@?TGh@?RBJELATEBBPKd@BhAE\?ZIh@@TJn@@ZC`AEXEp@@PDN?PDz@Ej@@j@Q\AJHn@Mz@@^Or@@TFVCH@VCd@G@CHMlASr@Gr@YpBCf@K`@CZI`@APHZ@`@Mt@H~@q@tEOn@Sf@IjAI\KTCL?NLn@?JGt@Ah@Id@Ej@@d@Sp@QNQr@DHIBIh@F^Ij@Ad@If@MZSKO?EIDMEGE]FGHu@Lk@D]^O?GFe@BEJEGADk@CIBKCMp@_AAQISJcB?o@bEea@C[OCbA?GCEUDIN@LOYKDI?[@ICACQVi@EoBFC@MKMAMBQGe@A]DYJCFGEO@MFCMMFEFu@AOGOI_@AM@GGOXc@?OE]DSCOFGCEHUDWI_@Jg@?{@LqA?YKo@?IL_@?QBIDm@CSTYEIIMAI@MFCHm@Cy@Ro@BSIo@@gADYPYIw@CQIQc@k@GG]?G]G@EFAIIP_@^QIGKGGIASFg@II@QEI?OCS@m@?a@B[IECk@SUHGEa@Hm@CIHIVEBS?SIK?CDM@?KQUCO@IEMDs@BMG}@FOJKDO?QFu@Uy@?_@De@?[Fy@EuAHe@BiALk@BiBDaAJ]BYKuAQv@GbA@NBHLRHf@Ab@AF?f@Gp@A|@F`BIb@El@?j@GXCp@Kr@BFEt@DR@TIZA^GXC|@@LDBrA@\D
52,name,2019-02-26T19:48:06Z,40.67857,-73.944121,Run,6201.0,a`hwFxeibMPGBEF@TCDINDPJb@DNAAGN@DDf@ELGHAf@\j@BXLJANERQFDJL^@d@HZAVIH?dAJNFjA?PBDF?JE^Cp@PLBf@SxB?r@Db@E\EzADbAEf@Kj@NXAB?NHTEPIDAh@EFFJ@N@d@Q|A@b@C\BVAf@E^Ab@IhAAbAI|@@\E??JB\C\Ef@K^BdAEhA@d@GlAEj@Mn@A`@GX?f@Ev@I|@GLQfAOl@?d@Gx@Q~@Kt@?d@EL?PK`@CPAEGNKv@Md@AXBNAFBB?FPf@EFALYfA@f@GN@HMRITEVYt@Kh@Ch@CFSr@?ZOdAQbCMhABd@Gl@Qx@QZAREDAL@FEd@?ZEn@Gb@WPENAl@GX?J?b@Dj@Ix@AHOVARHdAAHQ\[d@MXCd@G`@K`AQbAAt@]zCC`AY`@GVAl@e@~B@^SjADz@Cd@MTSv@Kp@Cd@O`AI~@U~@?ZK~@@VKp@IbBOxAEEJu@@a@Ai@CQJIBMAOD@?MGIJCAEBECa@VgBAq@HYFq@RWVu@JiAFYPoBPu@N[Fi@H]Bk@Ga@@OT{@Ek@Jm@Dk@JWBg@b@cBEY@OFu@Jc@NiABq@CIBI@c@@GFCBG@MFUF_@Re@BWH]`@cA?KKq@Jk@Aa@Jk@Bk@VgARc@Ag@Lm@To@JQDSKY?KJB@G?IGG?[AKP}AEs@XeA?k@RkAJ{AF]@WLe@^a@HaACi@BQJUVYN[HKJ_@AIi@]P]@y@Le@Hu@?SAUF_AR}ANaA@a@BQPg@ESJUEADe@Ro@Lo@AeAD[C]EQA_@FC?_@B_@AOBKGSAUDYXeAIq@BaAEi@No@@o@Ec@@MPYDUGkADURo@BY?OI_@F[GmBGc@POEIEWBi@AQR[DQ@e@Eo@Uy@Ce@@]@SJUFWDETHL@{@aB?qAEWECaC[E@KGy@IQ?_@ES?]HOAo@SQMWHUBy@Aa@OWCg@]EHY?UBa@EQQ
53,name,2019-02-24T17:06:24Z,40.678670000000004,-73.944301,Run,4889.6,s`hwF|fibM@BMFEAII[IO[EAGFI?QKC@a@KgBIEGAIA[BSAWIUSFOEq@T_@MWASF_@PkABs@PcBHk@NK?OUK?OFQBGDIPe@Pi@CYFWLUD[JIAOKg@CMJECY?a@LWNo@Aa@HMFU?eAPUCaAVUBk@AwA`@k@EW@QDWX[Lc@Ka@Ea@J]BIDQAo@JIEM?g@NcAPWAKEU@SJGAMBS?U@SPU?SHKEQ?OLY@QCSBW?MHGJGDW?eAJQCEB_@DYN{@Ac@FOAEDQDKCI@[Lo@GILIDSDy@BGFO@QNU@_@Jo@@k@IC@e@`@IDaA?a@@UGK?i@Pi@Dg@Vu@@ODG?c@KMBGEMDGGGAa@FM?MPI@CFQBUJc@?QAKEE@SL[BYNK@OPMAUBk@GYB_@?MHc@NiAJACz@MRKV?TIRCLGF@TAPEVC^If@Ar@KNIXUvASN?FEVGLIH@b@Sn@@^FXGd@Cp@@p@QZ@\Mx@AZK`@GRFT@NI^GL@DAXCBDD?f@a@LA\DZNL?REl@]f@G\KL@b@ETEZ@RAh@IdAYl@BXIZ?XGh@Ip@Qf@a@R@v@NN?VEXA|@M\IRFt@Q\CTIT?VAn@Mh@B\ETGb@CX@x@[`@DRGTAFBFIFCDKZSHCX@h@QZE\Bj@Gl@Fh@ONAPG`ABZCZBNIn@ABCF@HCj@JHEBMPGDIj@GZKn@KZOFBNMLE`@DREVKP@n@Gv@CL@LNDBD?PIHSDANOD?BDLDHGl@AXEBBTRFPARKZ@TJJN@HE\FL?TLL?FBb@?^Et@NPL?F
54,name,2019-02-23T07:44:21Z,40.678293,-73.944286,Run,20132.6,i~gwFxfibMdBe@bC@fAXbAG|@\dEJnAKxCn@tA]bBCrBl@hFFnCVj@`@dBSb@JF^[|DIrE@zFOrAGxD]xHGtJg@pNgCtQOrCg@~BC|AkBnMs@`H}BfHS`Fm@hBJ`B[dB@l@|AlBr@Nf@xASxB[RAhBw@dAu@|Cs@hA]x@D^u@nARjBwAtAGj@_A`B?bAYh@K`Ba@n@_@nASnAg@bAWhBkAdDWhBkArCUzAo@vAsA|D@v@w@hBSx@WnBqApCuCtLm@hAuCxIu@lDkAhCg@jBGjBaB`EyAdHaB~DmAjFuCYgEkBiFwA_GmCkF}AcAq@_AQISkCq@aDqBgAg@y@S{@XeA{@aE}AuAeA_BIcByAw@FJYa@a@cDDy@QU\w@HwAE{@i@g@EQmBDuBLa@Kq@oB`@kD@IPw@g@{Ck@{DEGgGJg@VKp@HIIHCW?}@^Y`@{@?kAh@q@~@iAt@cAFOVy@j@_ADaAr@}A\gA`AcAVk@f@e@Eu@j@uHvCcDxAuA|@sBb@yC~AoAXqAdAeDpB_Bn@]C_DlBoFdB]^cAVFLk@F{AxAeANyAnAy@jBSC{@fATZtB~@rB\ZjAd@XMp@bAbBKh@@tCo@`@DnAe@hAIf@HXmBhEKvAq@j@CTrBt@XGn@l@x@dC|@`AbALEPzA~A@n@zBC~G_JZs@vByCdBqBpAwB|CwDlBcD|AuAhDoFlAkAjEqGtFqHdCwClBoDvB{BnEeGbE{GtAu@~BIrJVnCULXWiBRk@CwB`@m@c@wA?_@Tw@?mAp@kBYyB`A]b@iA`Bm@t@Hv@w@v@KhBDRs@fAw@HYhBo@N{@|@FrAc@bBNh@g@Ry@jAQ|CeBb@AS@nBkAZHr@m@j@ArAuB~BmA~AU`A{@|@Yd@a@d@kAzAoAn@YrAG~AsAKL|ByAnCsApFqE`@sA~Au@`BMzAs@^e@|HuE|BeCrEaBhG_FnDcBhB`@dB_@j@o@p@KhAGt@TR_@MUCcBPeBy@_@m@oACoDr@oIfAoEzAyGTmBb@{AR_DTc@Do@wAGy@s@yB_@yEkB}APiDsBuFe@_@o@Q@FQwDa@GwCVkBXw@R{Dd@mBDq@K{@}AJOk@VeGh@_CMwAj@}CGeANeDCwDViBG}DPmCAqCyBi@e@o@\}CFoIoAUQS
55,name,2019-02-21T19:04:21Z,40.678695000000005,-73.94427900000001,Run,7242.2,y`hwFvfibMMCIBmAKAHBDMx@GVE|@Mn@?HPl@?HWlABrAInBF`@If@EF@t@HRFb@?TCPBN?h@GXBH?HK\@n@Il@@PELFh@EZ@d@AHCDC`@IXEl@@FCLA^BFEXCh@Dn@Cf@B^Cn@F\GTFF@N?TBHMTAJ?d@CTMPYNO@GHMt@B`@Nd@@NCn@@LCDDd@Bj@@HCBDl@Nt@Ex@MFW@ODEt@g@`AAh@Kz@Cd@KtAKv@A^MzAEHUHMZET?XKvA{@tDI`AEbAMr@KdAKb@B|@GLC`@BJA^Oh@Mv@BFGFAXGLAH]~@WXWGo@NSPS@]TGZGp@UVFj@K|@@NG\@\Mb@OVALKVk@l@OFsARg@C]DICa@PYCUJK@KNOE_BBa@Pe@?a@No@@m@JKGy@DE@CRUT]GIGeAXQGq@@[Fm@FGCg@FWCOFaADGF]HMJ_@Ns@CKJSGe@JYE{@Jw@P}@?_@LUBSJCH_@GmA@{@p@aBd@UIY?u@UK?@GFCF?PIBC@ME[_@o@Iw@Aa@EMB]I_@?{@GCDKAILG@SG_AUaB?a@NaAM[YIE]IM@GEGNOAMBIAE?KKQGQEg@GYA]@o@Gk@@o@Ca@OYIu@?wBGg@@SMw@Cs@Kq@Dc@_@yACQBe@BGIIJWAa@DQKo@A]KQG_@X]?OUcAC_@@]BEASCE?WGUIi@BI?SG_@@MC[DS?i@EQGG@IIKC{@JMPIb@@XI^SFMFAHDLIL?CHLMb@@XIjAGVEFEH?NI\Ip@A\DjBa@TMDFx@KfBGHONCDKHGLJXANFAOEI[a@GMB}@G_@Eu@K}@IoAKu@BOEIBICYDUHKLGd@GZS^M\W@OGiABi@G[Kc@QI?OMiAF]A_@Ku@Aq@MwAQ}@IwAIsB@u@Ga@BK?_AMq@GqAO[Ge@@c@ASDIDC~AJf@IpAGjA]XF~@FLGNQ`@EVI\Fj@@LKDHXDHC@STSZEb@DDAFO\?DG?b@JKfAYh@SFBfADz@IP@FIRBZIDGAIJ?`@Uz@A?FNDn@Yb@ERBNLZM\_@XQdAIn@B\EXJl@BVI`@AfAg@TBLEF@BCTDTAHCZ[PBRLHBVYb@Sp@Eb@SJPLn@Bd@Jh@DBn@FNENBNCXFTGv@VlAH
56,name,2019-02-20T18:53:27Z,40.678574,-73.944535,Run,12484.6,a`hwFjhibMBFJMNW?UROz@QPCj@J`BI`@Jj@IVHPp@LDHMb@@ZMd@Gf@?h@RpDd@TNPFf@E^Ox@Db@FFJbB?~@M~@Rh@DfBMLBPNt@EZHp@Mn@Ch@LFEJRVBjB?LRU~C?rAGlDI|@AzBIpBBpDGl@EvBDp@CVOl@DZGh@@|CK`A@x@WvCFZEVDd@Ib@@`@Iv@BlAEr@OtAKJ@JMvAKPMl@GlBYzBMf@C`ASnAGLMnAO`@OdAQ`CB`@Ev@Qb@Gv@S~@Ch@QfACt@Q`AWhCy@hFAXRFDH[vAWr@m@hFi@fC@dAM`CFVCFBx@B\T`@DZBFPDL\Fh@G`A@p@Hb@b@VBHVD`Av@NB|@p@bAz@FATJNN@Hr@^b@f@b@LFPl@d@`@HZj@n@`@t@TRTn@XjA`AZ`@`@VLTND@RL@bBxA~AbBvAx@XFd@d@NZvAv@`A~@JVZZj@VZDnAbAZ`@NBDP|@TLXTLbB`B^P^b@^RTZ`A`@z@x@z@h@@~@BDJABHCx@JTF`@\j@n@Hb@WPJk@iAQIQ[UQ?gAK_AA{AF_AL{@b@q@|@w@l@_A\qAToCVuAp@aB`AuAl@eA`@gAfAcBTUdBm@p@@f@PxAGXFlCUj@Q^YzAiBb@]~As@rAG`D\hBAr@Sp@c@z@kANa@Ju@?k@IgAYiBeAaCkBeCI_@cAqBg@eCGgBYqD_AeD{@uAI[We@o@_@mAsAwA}@eAa@aBGs@Ok@A}AZkCrAyA^IJsAQk@FyAl@MNiAj@uAd@uAz@yFhBk@h@_BV_B?YPgBh@q@b@YFSL{@JcAb@eBhA_AjAUPaBnCYjAYn@SZw@n@WFQGe@PwA?q@b@oAZqAUsBmAsAe@wA\q@x@a@`As@`@o@PmBTO]?]GQSIo@u@@U\}@[b@INMe@SWBeBTkA@uBV}BTsA\mAJcAl@}B^cANkA^eB`BqMP_BPcDVyAV}@Xm@J}@Ai@MMe@MNs@JuB`AkHTwBAoCNyAAuBRiFCw@DgDFeAAm@Ho@LwB@_GHiAAm@LwB?yCH_AHgECGSKM[QIoBFe@HwASqCAqASm@FwAOkCGoAQ_CZMCWg@e@CyAHiAUuDUcANIWk@Ay@FSKc@B}AU[@KXKE
57,name,2019-02-18T09:08:25Z,40.678463,-73.944062,Run,9662.1,k_hwFleibM?FF@DLTBDCDWf@GfBRb@CvAPr@?TVLDhAKb@HH|@?t@YdDD`AGx@J|@BtA[pC?bAKnA@fCCBGtAFx@K|@?r@KjA?|@Hn@Il@EjBIn@?n@Ib@@h@Op@En@_@lB?`BIr@Qn@KnAQn@@hAu@|BHh@IV@NI\@JCHA\ECDDCVBPSt@KvBED?T[nBUx@K|A_@~AA`@O|@AXMX@`@MhADTMp@[|@Ch@I\B|@Kl@OPBPKLGd@Bl@Sx@DNKXKt@YrAK|AUvAUt@Cx@KZ@FQz@D`BOr@HNpAb@hCR`An@fAN^?D@EBVTDChA^XAXLd@Bl@V\VTG\Tz@DVK`ADx@l@J|@Xl@Oj@AjA_@d@e@Xq@RMb@WX_@lB_@b@Mh@WXSb@CRHf@OPG`@a@p@]fCWn@Gd@SNOZUj@Gd@KPK\QN]nACXOPm@fCo@nAGZ[l@@\Ef@GBW~@Q^MnAK\@FT`@r@Xp@j@M~@k@`BYdAS\YrAaAxCg@lBOz@oAbEa@zAD^mAnC[bAq@lC@LVl@l@Rr@f@h@n@fAl@GFUdAg@dA?j@o@vBg@tAm@c@_AYmBcAuA{@WYQA][]Ow@K[[LaAT_@\_A@w@Hi@VM@e@Gi@j@oBsA_AMSKi@d@cCf@qAB[r@aBPw@^y@d@aBhA_DRaB^q@RaAP_@B]VaAVk@T{@LgAH[PUPm@@e@JYr@cDvAiDHi@Ne@D{@L[JIAOF@BI\yAFI?MLIh@eBAWR]^eBFo@Vk@f@yE`AkDCuAD]X}@R{BNm@Ia@f@cBAk@DODANk@ECJ{@L[?m@VaA@WI]Bi@Rg@TqAEy@VaAD{@VuAJgBNqAJUNoANa@FaAPk@?YGc@Bu@h@}ADoA`@kBGs@r@qBAuA`@wAFuAJoAR{@?q@Rq@LeATcAh@uECm@Da@l@}CCOeAWo@o@c@Ha@Os@GcAc@sAQmBk@[Qq@CcAc@Es@LcAKw@Ju@G{@BaAV_D?eACIMC?uAL{@B}@Ay@CYEq@De@Go@HsAF_@@a@Hi@Iu@Be@X{@Do@OmDJeA@}@AGGAeDQqAHc@C[MiAGYB
58,name,2019-02-17T11:20:36Z,40.66018,-73.963676,Run,3843.1,amdwF~_mbM?JOSSq@[AK]Ie@c@@qDp@c@Do@@eA[_@U_Ay@w@WGOKEOcEGs@EW[CuCj@g@Be@Hi@AkBZaAJe@Pe@DmBZe@Lu@NcABUH_ABe@Dg@@e@Dy@Ne@DQe@WIq@Ee@MyBGm@K}A}@[u@E_@?gAIiA?y@Dq@N_BLo@Po@F}A?c@]KT}AH{CT}ANm@j@}Ad@c@HU[Q?B@o@?aBCq@@eBB_@Po@D[E?BgEE_FBs@JcBJ{C\mFJiCe@Ig@Bc@Ga@KGi@Bs@Hk@?gBFuCFaAJk@EWiB[QE]]c@BiANe@@g@IiAMy@CgAWi@?wAEe@@c@D[JYGk@YSCe@?mACgAKe@@c@Dc@AOGoAAe@Bc@Kc@Gq@CiASe@EkA?
59,name,2019-02-17T09:53:12Z,40.658807,-73.963527,Run,5556.8,oddwF`_mbMmj@rQeIdMsI|AsIyA{@lGfLbKnQd@dM`LfH~NhD|BfDwAjBkJdH{KxM_AvGiFvH^dEsCWeHyE_KoCeP_DoFqKoDoSbF
60,name,2019-02-16T16:56:32Z,40.67882,-73.943884,Run,3329.5,sahwFhdibMe@GiA@g@|@Q~AEr@ZbAFfBGp@@lBEp@[`BCbBOn@In@D~@Np@P|A?XIz@?p@Mp@Bn@I\Sh@Ud@Mp@OdBVz@Hh@Ch@LhA{@`@Uh@CNb@xCC`BPj@Dp@c@TQ~@Sn@Yd@_@`@Ul@Sn@Ip@Fp@JLYp@Er@BV`@p@Ul@MxB@z@Cv@WdBW|CKl@Ab@RPTHUDH]Vg@Fo@DcBNcBR}AFcAAk@NEVi@Dq@ASPeBFgGRo@Xg@Ci@^YFCVc@D{@?u@QgB[wBJu@Ra@VELiCBi@?eB@s@Aq@CEFm@@cABq@NcBPMDcDGyHDaBJq@NuCBiBCeB@gCa@EkAGMIFg@f@BdAKf@Pb@Bv@C
61,name,2019-02-15T17:56:01Z,40.678523999999996,-73.944172,Run,12108.0,w_hwFbfibMr@KLOn@QlA@NJNb@f@JrBFdAI~A@TNp@P^ERL`A?FEFF`@IZP~AS`AZ`AKn@Fv@GNLbAHp@RhAM`DZdAKZDHNn@Dd@WRAb@p@CpA@h@F^SzDCzDKx@?t@MdB@|AHv@EbBKpAWx@FbAKbBHz@OpDJvAMXK`ABZGzABbAIv@DNINFp@?x@u@bDAn@@RIVAj@YrC?`@Y`AQxBSp@KpBs@vCQnBg@rCMxBSp@@b@K~@Ml@W|BO\CRPj@@l@Mn@[f@Mh@e@~CMjA]bBIbAK^Q|ADxANhAPTNt@`@v@Tx@l@Dx@Op@?ZHJN\JJv@z@rA|@^j@h@v@Zt@p@f@VDPf@b@DLrAv@|@Fp@P\PzAG\NtEw@z@?\NbBpBj@R^l@^R\n@pA^b@ZxAvAZ^pA|BZ\XhA^v@^~Ap@~@b@dA|@bA~@h@l@NpAAp@Y\]t@iBRoBR{AJe@z@yArAsAVeApAkCf@o@v@k@j@QrAGpBXZC\Sv@Ln@CnBkA|@wA`@]l@MtA{@xAV~BXzCSZOt@{@Xu@ZaBE_By@}BEa@_AyAa@c@iAoBi@gAi@uCIoAO]Ai@EE@Kc@kEe@uAMIq@qAsC_D}BoAiBe@{@GyAPi@T_ANm@`@sA^]Xc@LM@eA[y@@eC|Ac@Jy@p@gAXwElBg@b@gAZwDNeBt@cAL[Vk@PiAp@Y?IL[BmBfAcBrB_@v@Kf@QNgAvC_Aj@mCVaBt@u@FaB_@eAy@{@[]Ic@B_A`@o@d@i@~@c@l@o@Hg@JUPiACYeA{@aA_@eAAqGJg@Ak@DwA\wBZiAV{Af@cARgABm@JSVaAJ{@Ti@AoAIOODAs@Pw@CQNe@Dw@Lg@?o@HUBg@VmAC]^yAFs@Ae@LgA`@yAJiAJ[DoAXyATmBFkA^qAJu@CY@o@X}BEm@@_CJgACg@JcBAcAIg@F]EQBa@Nc@CUF]GmALoAFqDDYC{@Fc@?kBF}@Cs@JoA?g@EGFs@E]ZwE@wBMq@QIo@ReASaAJu@Iq@WWJuBDmCW_@NAIu@O{AGiAHe@Ok@Ai@POCe@[WNa@QyAMa@KcBLa@[m@MqARu@WYAo@XOQUEY[eBT
62,name,2019-02-13T18:21:43Z,40.678605,-73.94426,Run,6501.8,g`hwFrfibMFSHIHCxAQ^BDGBLDD\Hd@@j@KLDDFD@BHf@FDAFB\CHD@FCNEFGR@z@SnB@\Fp@CL@HE`AIt@DfABLAr@GZDR@|@Gt@Kf@@tBKn@Er@Ed@FjAAd@CR?PGh@Ah@@p@Cr@FpACVB\E^IXC`@@d@G~@@LGbABZEXOx@MvBGb@Md@OXEXC|@GZSd@MdBFhAQv@BXCFCBMh@MLIXEp@@^ELE@?XEBADCP@`@Ml@?ZGh@CBAHIJGz@K`@ANKNGRMP@dAB\EFARCl@Oz@K^El@OZ@b@Ch@IVQ\CL?dAQ~@?b@IVCT?RIj@?TCFAPKd@EDKh@BJ?PG^Cr@UjAQ\OHGFGV@RDBBLA^GH?HKREZMbCQjAEZBVG^GXMNKVCLJV?PIFIf@EDDTCt@GP?VIVKRBLCHEb@EJ?JETBN@\EFCNEBGbAMp@El@Up@UlACZ?f@Kf@GPEPCv@c@|@A`@Md@@`@Er@D^O`@Gz@?HLd@ATDdAAHIXiA^CFUHI?GCBZK@WJE??HIBCDERgAZWNAFHCFM^a@JWR[DMFGl@[d@KHEP{@d@}A@WJa@CGF?LG?IOa@BFNwAHSHIBKC_@@{@Dq@DC?MBEFC?SIICK?U^_AZwAR}BH[AGDQCEBGB[HWNIDOAOHi@@[NkABo@Ji@Fg@DcATk@HGCYDOAUDKHGLECk@Fa@Le@@_@CUP}@@mAPm@D}@H]JYDCCI@KE[Lc@HKD[X{@?e@Gg@Tm@NUN_AG]BYA[Tw@?W@KAUTy@CGBm@HO?YHq@Bo@R{@FiADQLUDSB_@DCCIDs@Ju@DGJkAb@iBD[CE@OAGN}AFWZo@DYLa@Jo@@}@BOPUFS@k@DYKwABS^_@JQFSB_@Ng@@QCSKo@HgAJi@Ai@Ja@HMCE?KDSCOBEE_@@GPWRk@Ag@B{BRkAIe@?GEM@O?Q@QBEAOFUAI@G@KAYE[CIMQHc@DAAGFg@@m@CS@i@NaBAe@JQEs@BIDAAKBKC{@Me@WAECYDM@a@OO?OQQGCEAGDQ?s@BK@SFGBc@F_@GuADWK[AMFM?_@H_@EWDi@Ca@OE[?QM[PYYgBDWKEB]BINSCMG?ULGp@LRNCF
63,name,2019-02-11T19:09:41Z,40.678601,-73.94414599999999,Run,6492.6,g`hwF|eibM\K|AC\Jh@@\CVBPFf@AHBHCDDDCxB\bA@\JFJ@TEZF\JL?N?FKHBFEXA`@QlAO^?DHX?V@DAP?P?JO^ETHjBFd@G\C|@IRKb@Dl@?l@Bp@?b@Ed@?l@@TFVGj@@b@I`@AzAI|AFfBI^Il@Cp@Bv@A`@Qz@ItASzBMh@@j@Id@ED?XIXIf@@PJTWp@Qp@M\?JIP?^Qt@Cj@E^ITCPEh@Ap@EHGh@Ut@G^Cr@Gb@?HKdAOz@?\BDCj@Q\Az@IXSj@Ed@ShA@TGp@ELOHEF?fAQ|A[hAHR@f@O\IdAJJJA\Qd@I\MVGLMh@GBBREL@FGTAPE^@ZE^DjAUJ?XF`@Ah@Ej@@XQf@ITQx@]FABJJBHGF?PKFFN?\QTIRMTEXHTDNF\@`@Ql@c@LAH@\CXKvA[j@@@Ft@C\HHAV@l@UdBGj@GR@dBm@RHN@RLDAFALMHUF@ZEFMTBVCNEN?^QFLJCSR}@VSJq@@_@HKCMBQHIAKDSAaAD]G}AX{@TIAGDQ@OFKEMH_@FM?EI@OTs@P}@Be@Fa@AOBa@DEBO@SFa@?IEKNYDa@FM@g@PgA@YRmBN_@PkBLi@@SL}@AG?QJ_ALEAQD_@@o@Pe@JcANk@NuBJa@DuBAo@BSAyAD]BkABGE]B[H[?w@HYCK@m@CKEiAJKBSCSBY?g@BQA_ADMB]CQCGICGG_@GYBFW?m@DOBYA]CG?MDMBUDIBc@EA?I?g@@MCOBe@E[DoAA[BIAYe@Oy@@wAOi@CS@KEqAIO@MBOCGYm@JIFe@CKG_ASk@?I@STSGS??GM@g@KmA@IYo@QOKKCUFYNYJWWK@ECI@g@AUFW@m@GUQGCQCOBWC[@ICQAOIS?g@GCGYBYAGCGB_@@e@E[@UBYLGC]o@@EA[@KGO@IKc@AKDm@JKF[Cg@Fu@?c@Lk@CGBe@ASL_@CI@_@KMGAq@E[GO?MEU?_@FEDI@O?EBEJQIIa@NcABIGQAu@A^DP?ZE`AFNB@JAl@?JEVC
64,name,2019-02-02T11:24:08Z,40.678631,-73.94420699999999,Run,12785.2,m`hwFhfibM\]fAGnAJzCb@bEBDRTLj@LdDLTKfCCrBDr@\|@JlAGtC\~BDhDb@fAKXHKvESlBBdBNr@C~AMnAA|BUhEBvAMrBFfBQpC?fEKPG|@Ff@Cp@GFJf@QbDMXJ|AMr@Wl@Ux@EzAGPD\Qt@[tBOrBc@jB@j@c@`E[vAq@bHo@pB?tAg@vDMl@Wb@QjAIBW~Bk@zBM~Bc@pAO`EFlAPTn@TLl@x@NTZVGXSZw@pBoAf@Ip@_@R[`@KtA}@n@eAhAm@x@{@xAaAjBq@`@k@dBmAj@eApAY\URPBjAJHe@Yy@Em@b@f@|@SVCXLb@@d@y@Dk@jBc@Ce@`@DZYt@uAz@_A\k@BITAJNH\A`@w@l@Gh@bAGZu@Nw@b@qA@MGKm@k@w@gAu@i@Gm@n@wCrAcCdB]?BPRJz@Mf@s@ZGbAR\IVR^E`ERxAh@nASnB?f@]jBO~@w@L[`Ai@rBc@RD^r@|@Vv@ACLTd@Ve@\PAr@?_@fAeAd@yAz@e@x@E|@t@b@KpBNmAl@SIy@kAJGDLGRk@W{@\mA}AgAe@?KHClBNAYc@u@eAYwBEeBP`@_@FFWn@RZ~@Kc@Zg@ISVa@KYTANIMUTQKYl@STe@@d@Oh@LJQz@A@\f@PGy@`@B?e@RODSb@KVRv@KfA|Ap@vAjAvAd@RtADpAh@bBQl@wA@Ua@iAQsAFaAKuAJMq@mBBaB`ASFFOZBZZWEa@JQb@G\Xh@HNKAKm@d@EhB^dBq@hCoAnBRz@Al@MZs@r@iAPkA]qAKq@]m@gAsAe@sAwC]Gq@N_@d@i@PWXo@Io@d@}AUYj@[rA[XeAZiB@qB~@q@HuASeAYoAg@_@Ho@OcAHQHaBdCwCl@UKKSO_A]Sy@oADqBQgC^gBR{BE]z@_Dd@yDJ[C]V]\oAZ_BN_BCGq@XO]Cu@RkAZu@?]VsAgAAk@[NoBRWDg@\yA^KC[FUK]EqABg@V_AJgBCWIIuBUM[NaGVaBf@aBD{@[SeAJk@k@Yy@AWPyCAg@mDOSo@Fk@CwA?kCJeFIq@u@Fm@`@MGGUBcEIoBJcFkCY]LwA]kBB?[P_AWe@Nc@@wCJiBGs@JsAq@@mBEgAKe@SM[eGN
65,name,2019-02-01T16:58:49Z,40.678608000000004,-73.9441,Run,6509.0,g`hwFteibMX@NE\Cr@D`AAPIJ?`@RRDb@?r@Gd@FJ`@CF@PEr@Bl@Ed@ElBKn@?FCPA`AGn@@h@MdAEzBBn@Jl@?p@GhADj@Ev@Mj@Ch@BVCb@BF?HCLDNDn@AHFl@CXMf@EZCl@CZ?^CZ@HEDBNCDBLEHA^EL@d@FZGHUzAIXDh@GbA]dBA^Bd@Ip@Ur@ERE~@GZ?d@Wr@EB?LI\C^M^G\G~@A`@CPMZIt@EHSlAItA@HEXIVAVQ`@@\Eh@Mf@K|@Qt@Ip@Or@@RGXG~@K|@GpAq@hCBpBUt@AVUdA?VIPB\?XOt@KV?\Ml@Gt@Sp@QdBOj@GXMzAWn@AX?h@D^Sx@E|@Y|AOvAo@|CAx@Dn@C`@GZC^Wn@Gr@ENGFEx@[|@a@`CAd@CF@^CVG^AXKRGd@BJCFFRDFD?@H?HJj@AN_@lAo@RYNKHW?EBAFO@MTMH?JORMFAHYHWZi@ZWFMHUDi@TEBBHDIVIHGRUDQp@g@DAT@NCPKJUPu@LLFURMBETKd@]XGBEHaAIo@OOBKTKBGVkAB_@FMPq@Py@CI@IPk@T_A@q@DIAGHo@?QCI?O@ONa@Fc@Fc@?_@DWCQKS@KJG^}@C]DIB[FSBe@Ju@LmARw@RkAFM@IEI?IN_A?EOOBIXIBEB}@VkA@_@CYNk@@O@a@HUD]?SFSJOMg@?KRcABYFOZe@A[@g@CgA^yA@_@Tw@NyA@q@T{@Ju@J]VqBRcCReAHQAs@Lo@Be@Jk@JqARk@PkCX}AB]Ne@PaAD_ADWLi@NcAHU@UCo@RgABo@LqACM@_@Ps@JaALQFYRa@Ja@C[Se@COLm@A]Fa@AGHc@Lg@Dy@?g@DEFSGi@?k@Ey@Fu@AWB{@Aa@F_BG}ALoBEw@Ji@?UEq@IS?KNK@QBKAWJs@Ac@CWVa@I@G_AHQFe@AkACSDkBEGKEUDc@Ke@EY@c@EIEu@Cg@L_@CmAK
66,name,2019-01-29T18:11:58Z,40.678545,-73.944221,Run,13218.7,{_hwFlfibMd@C|@e@VTjAKlAXtAGlBXVEDO@HXBNV@Xz@K`AHr@Mz@Lz@QzBl@`@UfALhAMrFn@r@ArDXjAEr@JRPQdGDTMrBI`FGd@BxDOlBB`AKxAMjE?bBMjAHb@MbCDrCStDC~BY|AAr@WpBc@`C_@lABXKbBo@xD]fDG~AMV]pBmAdKIjAmAjEW~B]t@a@zBAnAW|BZZHZEpBIrAJd@d@l@`Av@d@Sz@I`A_Ab@AdA\Lp@FhAXjAF`BfAAxAj@RTt@Nr@tAv@h@`A@`@Un@Ed@b@h@@zBq@FA@RNCd@H~As@h@?`@P\VZ|@VZd@Jn@CZRj@|C`AXj@I^VjAfDt@lAp@j@BGG_@PqAj@cCLgBp@kBr@{@VeBj@k@Ag@Pu@G{@FuBsA}Ae@{@]sAUmBFmBIWBi@QkCOo@?y@d@{At@_AfAs@bBi@d@i@^Sl@SVDhA_@l@i@pBw@p@g@t@QdANpAOh@[L@nAy@zAAl@m@x@GFJ`BJvBhAx@TfAnAPBBLNBLV\V|@|AlAzCBp@VrAT|ERjAZh@PvAh@`Ah@Vf@h@`@nAt@`Ad@nDFhAYrA@N_AjAa@|@cAr@iBD_Bm@wCGmANIb@u@VaAxA[PGReBz@oCAeC[oAFg@RcBnAS\In@Yv@qBfDs@bBgRm@G[BDYAF[a@c@C[G@D?g@M?KD@Oa@DCQC?MYKLDMOS@GIGYOHMQBQOAIUERAUQGQWYB@SME@IAD[AGQKAFCUBKSKIIDWs@GNEa@QCG[YCBIOCWm@QCEHBUJJq@UKQHn@}@s@m@Ee@DEPy@T{AB_BEQ]IJ[Kw@?y@c@u@u@aAg@k@{@aAy@oBw@k@m@a@{@qA}Am@Uc@Xk@Aa@Fg@uAK{@aAeAKwAH_AC_AFiAf@eBA{@LkB`@iCx@_CDeAx@{BPsA@q@Vw@HuBH{@LYFk@UUDkAIqA\w@AcABYLGFUToCTgBPq@COh@eBLcB@eA`@kCTa@E{@ZqAQwCTeDBaIZuAIuDRuBCuB@_AX}EBkBEo@DIB]?{@GgCVwCA{@kBIQWe@Ro@@kA[_@AqBHo@[_BCaAF_Ce@KLuAOe@^{@Aq@YcBG}@YwBBy@QeAFa@Ee@YWHkFYKD@J
67,name,2019-01-28T18:40:25Z,40.67866,-73.94429000000001,Run,7312.3,s`hwFxfibM?GFFCGBKAIZEZ?\IPDb@G\BRGdAPXBVE@EH?H@@DHBf@d@l@Uv@Hb@AtAPPCz@?b@Bd@IhAVt@@FFd@BDHV@hCO\Hn@BTJdAGp@HbA@ZLLAF@H^CDR@^GLIVGh@B^Cp@DnAPl@NHN?^Gf@AV@x@EjB@t@En@@VG`@?h@E^InB@z@Ep@@f@GvABnAEXApAK~@@PEh@CR@~@E~ABt@?LGNA~@CNB^CZ?|AK~@DvCEt@?v@GLOfBKf@Ep@I\?|@EVQd@OlAQfB]pBEn@BVC^MVIx@S|@AXKj@@NQl@Gj@A~@CPMZCh@IZEl@Oh@KbBMt@Af@Mb@Kj@IzAQv@AZOt@Ub@I^Ul@Qx@IRQ|@Mv@Uz@A^Id@?RBLEZ?b@GH?JOl@A`@Kf@?d@KjDDZDGD?PBLHRR@HPZb@d@RJD?BEV?d@OR?z@ILGb@c@`AVJ?LELDHRAl@CFJv@DNRPFP?JGXEh@Dd@JBTIREXFZNJ?JDDLj@PJ@LGH@X^AFHJIX[FS`@UNUh@U^El@ELEBIEUYyAu@OSSMo@OQYG?GKgAaAaAm@_@k@OI[EAw@Qi@EA@QCIE[LcAYc@[UQUYw@EW?]IgADsAAq@Ja@Bc@\eABUHMAI@IPQAGA[Nc@Ba@?WPs@Cg@@Sb@wAFGAGDSCMBEEGBMHGFQLi@Ve@Hm@JMDQDs@HWBg@GQECIBKNSJA_@Da@@_@Dy@V{@Hk@HYo@c@YASMg@Fy@_@IIg@Wg@KKK@{@@SAa@@G@WAEJQPa@Fe@L[D_AG?FYL[Pq@De@FY?UJ]CsACSYWWGWQi@SQQCO@q@Hk@?MLg@Bu@\oBT{@E{AHMAGc@g@KGK?IEk@Bk@Sa@GQCS@YUOEUBGCQ[EU?cAGcAHeASyBFc@b@s@CGAGFG?SKsA@KPg@@UIe@Co@EUA_@BWCWL_@Lu@A_AKs@F}@H]Jw@Ck@@aAJ_@DE@UIICMGg@?K\a@D[_@kBGOF_@CKDSZc@EGDKGG?w@CUCEOGe@@]QUJE?SQa@G[?e@F[KCBOCGMGBYGM@YCS?_AXa@Qc@AQJ[EKGWB[KMFSIU?EEQ@WGs@Go@COB_@MWCE@
68,name,2019-01-26T08:41:55Z,40.678643,-73.94439100000001,Run,9907.0,o`hwFngibM@OFGl@C@FdAe@rBJ`@Kj@LJG|@\~AEl@Lf@Md@Dh@C`@JjABBHTILB?Hd@K`@D\NrBGDBAFTIFLZ?tANXH|@QbAZ\O`@JlAJZC^H\Ev@d@`AWfA@j@N?lAQvABhAK^LrASrC?xAG^Av@Il@OlHApBKv@J|@Gz@LNIpAQh@BJIhAJN@XG`@BlA[lA?~@FhAQvCCDBbAU|@GhA_@`BS|B?h@Ux@C`@[nAKpAC|AOl@@d@EF?NIEKZAv@SzAKZAb@Kb@@VIPIp@I\ErAYbAAp@Un@EfAU|@ObBm@hBGl@EBi@xCAf@Sh@I~@Mn@Ah@MfAKZ?h@S~ADlB\Vv@@Df@RZHFZECNFDF\FfAUbAAa@Ng@RIJFr@ITS`Aa@d@a@^q@b@eAhAi@^?nAZPA@JTRr@VV\j@TbBQt@e@dEg@x@g@PWR}Ab@w@d@q@ZY\wAf@a@f@u@z@U|By@z@_@d@Ih@k@xAc@z@a@r@FZGJDz@AbAUh@SX[l@KXSxAc@t@c@n@Kb@Q`@a@lAi@n@e@TEHWTOzBFLHr@Ib@Mh@]p@KVW~@WlAYjAJlBACNFLd@?rA~@^D@HHHd@PRV?LJFP^x@d@@XHAALVVAFLLp@pBPRV~@@VC~@@RLTI@@j@FBDfAV`C~@hBV~@Rd@h@h@^v@RJdA~BTz@FzCCr@SlAi@fAM?OPM@aAd@g@As@Nm@AyBw@iBH{Ap@eAxAgA`A[`@a@Ts@F[La@ESDgCUy@De@I}@Xc@^Sd@w@t@iDvGg@n@Wz@Gn@@\U|ASl@_A|AYRmAVq@Ge@OWSO[m@e@a@i@y@q@SYQk@[i@EUMYSq@Aa@OYOm@]e@WO[q@]YCG@GW[u@s@{@]w@q@[JSOI@NGG?WQc@w@_AiA]Yq@Wm@Eq@]wAJ{@\QE[F[Ag@LqAKSMiAWgBuAMQ]Sw@s@Wa@sCeAK_@w@i@m@w@c@sAmAEoAXCHc@{Ae@i@EQSG?SGSc@{@CaBOeAQUBWS@EEAQL}@AUXu@BaCPaBZqABi@\aADCHw@v@qA^kBJmAMg@A[Uw@~@yBf@G
69,name,2019-01-25T16:47:08Z,40.678335,-73.944609,Run,5808.2,q~gwFxhibMDAC_@@VOkADAB@Z[THP?l@KJ?d@HV@\Jf@DLCP@x@TRG`@FPEP@RPAI^TLNBGEUd@@ZC~@@~@DPIDAn@N`@BVLP@PFZKv@?ZFz@KN?`@H^Rb@DF?LHLCBDPCFIF?RFP@FFTFFCDB`@GJDN?RER@TFHANDVC^@n@FXCd@NLAPIh@DNEL@JKMyA?_AC_@PmAAw@Ba@?q@Bk@Cy@BMDq@Au@@k@PwAFQO_A?_ADY?OB]Ac@DUAu@H}@@{AD]@c@De@?e@GcABWCGL]DmAEGDCBc@Km@?q@FuANc@Aq@HoAE]GGBKCQBE@q@FY@o@Dg@AOEKFg@?e@HkAC}@JaAGs@LmA@m@AUHaAAYBg@C[BE?SCSFS@gAAWDs@?_A@e@Cu@Tk@FWCGB]G]Ak@@s@D[CgALwA?gACMFY@e@EU?WDE@IAWBOCu@F}@By@AM@YBQAIDe@AGBIDGIZ?^Bb@FZ?VGf@?p@BFEf@BJCVDp@Gv@Df@Il@?rAEx@?LCFE^@RCd@BRCFA`@B^?VGx@Qf@LD@LGVBJAZCV?rAIpAA~@BX?l@Ih@@\EN?RH`@CJ?RCDEf@EhA?PBJIf@?d@ET@\Gz@Bx@Cp@EN@b@ER?PCX@F@`AIf@?PCZFf@CDEn@@RCZBNAfAMj@I~ADt@@jAERDf@GZBRCNC`AFr@Cf@@HCDIZIh@@xBE|@BVEJAd@@F?^FlAG?AFG`ABNOd@@XBJAx@CJ@^MbBDbAEZ@VCHB\E^Ct@E^BXC`@?XEVy@HEA_@YGJc@[MCI?INg@FIAGKMIWDQAKCMAe@GSKQDCDGIODGAYAGPG?IQQFGEG?GGWKS?M@QE]R_@Dc@MEDK@]KCCUGe@@{@I]NE?y@S]Bs@O]Hq@IMEE?OMG@MQKBKEUCYFICQPI?SJMEMAI[IAEKGLGEIVEECHO?SASGe@A{@QG?QDECO?k@DSIWBwAWMBIJ
70,name,2019-01-23T19:18:51Z,40.671468,-73.96986899999999,Run,10853.7,ssfwFtfnbMhMtLtShA`M~JdGbOpEhClCqAhCqKtG{J~Lo@`IaGzJTbC{Dg@wFiGeMaCsOoF_HeF{AsPfCyf@`RoHrLcJxAqGwB{CvDx@zD~JhIrRr@~MrLfGhNzFpAvB{C`AmG|HwL`IHlJqFhKC`DqCE_GuF_LsCyPuF_IgGgBcP~B}e@nQkJtMuHrAsGeCkCtC
71,name,2019-01-21T13:07:21Z,40.678565,-73.94417,Run,11923.6,_`hwF`fibMrBY`@DnAj@hAYx@\v@It@\ZEd@FdAWj@Pz@CfAF`@J`@PXCfBA~BBh@FRNh@CbABrAXh@Mn@?j@P`ADh@Rb@K\D~CELDJ\?|@FFDbAGf@Od@@n@E`@D|@Gn@B\WlB?|ABRKh@Dn@E`A@zAGd@Df@OfCM`AJ~CEdAFz@I`AM|@GrABf@GfHc@xAGt@@ZI`@D~@c@dC@Z_@~@IhBIh@Er@[|@KfAYvAEz@g@pDOhCi@nC_@NKv@Ab@YtAKzA{@pC_AvDS|@Gx@YnAIzAIh@BFIXIpAEjERx@x@lATlAfA?j@M`@Hl@\`@b@BVNNf@bA`Ah@JN\A?Fn@Vn@p@T`@t@r@j@XrAb@|@RJJbDL`BUh@Md@HtAEv@Vf@^tA`BxApAz@Vb@ZPXTHjCvCNXp@|@p@vBTd@t@fCr@jAjAtAVJ\ZbBTn@IXM`A{@Hc@l@sAFiBJeAXaA~B}Ch@mAJ_A\k@x@{@p@_@p@Uv@IjBRRCf@NpAEjA]v@c@lCiCrAu@l@Md@A|B`@pALb@CrBi@l@YAOn@mALk@?{AI}@[yAUw@w@sAG?IO}AoC{@wBMe@k@iFKsB[yAy@qBy@}AuC{CyBmAsBa@_BCgAVwAn@_ATyAj@yCCs@LoB~@[VyCpA}@n@a@F}C|AcATi@Aw@Ju@C]FeAh@_Bf@yEvBSBs@\Q^q@x@Yr@eAdAWd@c@xA]r@c@^o@Xo@FcAAoB|@y@HmAWmC_BWGu@D{@b@{AvB]VkD`@UG[iA_AaBB]CaCR}AJ{BPq@BuALcAd@iBL}@h@sBXkALcAXaAr@aELu@DiAFUCc@q@W{@GCKg@Ss@@w@m@cBKgBo@g@[WDu@Qc@@gBk@IBYOGOU@[Uw@G}@S{@s@y@@Lk@D_BPo@Fk@Cq@FcB`@mBHo@BkA`@iBHaAPwAX{@Ak@Fc@f@gCD}@La@FmAE_@Xs@MmAFk@BgAMw@KiBRoBAKWEZaBDmAHSDo@Mk@`@oFAI}@c@aAOk@DIMAUHg@MuB`@_C[oBAo@J_@CINICGeCQKMAQ}AC{@@oAMu@Hu@CsAW
72,name,2019-01-16T18:45:12Z,40.678644,-73.94409499999999,Run,4877.3,o`hwFreibMD?LYNEPFlAFb@JTBLEDBPMBDJCDB@BN?TFHFF@LCf@D^Ax@P`@BPCT?JC\DXLVBRAd@Hp@KbAJHDT?NFt@BRDXA\@PE\@r@JVA|BF`@E\Bh@E`@FvAFLDF?VJ|@@d@Cx@PLANEJA^DFAFBBDBr@EdB@f@Bl@Pl@@`@C\A`BEt@CzACRDZ?ZGjDSnBBf@KdB@XChA@xEE~AGhASfFAx@DvACF?`@StAUbEEVM\a@pDKn@IdAIJEb@?P_@bCKfACbA_@lAKnAQhACb@AHIJk@?m@B[EQEe@Uc@Ce@Qu@QWEi@AYGQI]C{@_@_@Me@[SKMB[C[Mq@KO?c@MI?WM_@C_@MWOs@Wa@AmAi@e@IU?YMMK]EEAAEASDgBJm@IW@_@AGBKAIDG\mBNuAVgBBe@PsB@g@Nq@LmABGFw@N_@Ba@?YJe@FKLoBDCHe@Ac@BCCk@F[CuBDU?w@Fc@@aAAw@@GHKAc@CIDCEu@No@CoAHm@?SFi@Ae@?WAQ@_@@sBBi@AiA@c@AU@]AGHa@CGB_@HU@ID}AG_@Fm@Ae@LyACMKIWKI?EBQUW@]Ne@D{@MGCIOIEO@WLMBe@GMKQEa@CMKWB[CWDYA]IeBBKIGq@MD@PJHj@DVNf@NBHOJa@CGCGEHC^@NC
73,name,2019-01-14T18:16:44Z,40.678733,-73.944224,Run,5277.7,aahwFlfibMBDVSNEP@ZCFIXBz@AZ@\HF?FDNGHHVBD?^QHAN?ZDHH@PEl@Cv@N`BElA@^Ef@?lAEXCh@EXCxAIz@F~AKvCB\GzBGV@RAz@LbBW~AG|@@r@O`@@PPh@?^Gd@KX@`@Gh@O|@K|@A^GTE`@Mz@Cb@Qn@U|A@fAGd@Mr@Af@It@CFDBGb@Uz@Wt@KjB]zAWfBGz@Q|@IfAQz@KdA?f@QR?RED?PG^Cp@Mt@?P@HFDn@Rj@D`@HFGBQJoAAMDUJ]Jy@JSRm@PuB?WE]@]F[NYAKLa@Dg@HQ`@e@BIAa@@MCWLi@COFk@?]@MJYRkAHgAAi@@IHKAaA@OZ{@HaAFSLSBk@?QECDOD{@LUDSFo@HQFq@DW@yAD}@Da@C_@ECEMDYAKKIL[Hc@?_@Fy@Ci@Pe@Ac@BSESFk@A]LeA?aBDe@Cu@CW@I?k@D{@@o@Lq@C_AE]F]Aq@@SJa@@UCe@Aa@BO?[FSEM?UHm@Em@@c@DW?_@FIDClAGr@?JBN?FD?LCZBd@C\I|@DxAAjABb@ARFr@CTId@?hACn@H^@PSjA@b@WfCCbDElA@\EFE~B@\BT@ZEf@?`AEj@?ZC`@MH_@GW?kALg@Ge@@_@GMDSE_@Fo@A]Dw@DSKCa@@w@Ja@BOEa@@g@@CG_@?SIEHaAJ_@BSOi@K_AEo@Ja@Hm@Ky@DYAcADQB]Pe@Hy@?u@Iq@?a@Fq@?[HYBa@Lu@CeAGU?YBu@Dc@AcAH}@@QKSDOIQECF?MI_@OS?c@DEI@OYAi@J[CECK?[C
74,name,2019-01-08T08:22:42Z,40.678578,-73.944023,Run,4920.9,a`hwFdeibMN@RNBIRCF@BEr@Fd@P|@FBF?Fb@Dh@@ZM^?TEl@H^?j@Jn@?X@dA`@j@FNLFNGt@Hb@HN?JMd@BDMROb@AL@ZDNBr@?TIb@?z@CZOnA?TLf@BZAPMd@CVBnA?j@FZFLBPEF?^CNMVCRBf@OHAH@l@CXOnADpBGjA?\Gl@BvAIv@@d@GxAEb@IZEx@KZEf@IXETB~@OdAOdBEPCVM\G\@j@CTOd@G`@On@GjAUbBAj@]~@B|AAZEPY@GG[AOEGGYIyAw@g@GUA[KyBc@c@G[S[Kq@Ai@EcAk@ADIBGAIBWKg@HIDc@H[LO@_AVc@Bi@HSAMGUBc@Pk@BYJUNUFi@Fu@@UDQ?k@JqAB_@N]DaA@q@VOGOCSFg@E}@Je@NI?GBQACJQBSJY@CCEBGPUJWQSCO@KDMNUL@SDGd@Gn@ORIb@A^Op@Gn@Sp@CZKn@FZ?d@FTGNS`@CFCN@f@QH@PI`@C\I\Ch@?ZKp@CZMV?pAS\Br@QBILI^BHBZGF?DDt@KDCBEDe@DCNBFADG@SC_@?SDWA]?GNY?GD{@?_AH_ALq@Pi@RWTw@D]GeA@c@Qq@C{@Bc@Gm@Dq@O]JGF@J]D@ZIH@DAD?HC?SESBm@E_@@S?}@E]@QNY@OEi@BO?OSsAFQFy@GG@_@DKAIJI?OGgAFKJAFKC_@?[Du@He@HuACo@EYAQ@UJi@?[Fs@?}@MqA@UB_@Ea@Bc@?_@Jg@@[Ga@Ka@?WJw@?OPeBFEX@`@?P@
75,name,2019-01-06T09:04:55Z,40.672227,-73.96990600000001,Run,21873.2,kxfwF|fnbM`D@vPhMtQbAvKxJhFnM~DbDjEuB~A_JrHaLnKCnJ{GfP~BbDvCfHhQt_@nrAy^dt@{AfBeB}AyN`Yyh@uj@yNlXcC@wN}MuIsAq_@dPtFnDwLlr@nGLhSnJsC]uBvGgFz@m@xFsD`FwFmFmO~UeV_XSuFyUiZF_EkQyG`BeM{a@gOqFnJuH}CgQ{NiD@yCeDkDXi@qBeRoGkB_NeBVRqN_EaDz@sDsBwIJqBnB_AReJhC]BsSlI[dFmDjNZpA}{@xxA}O~@j@WvAbByChGcC~f@xL|BzCpI{BWeC
76,name,2019-01-05T08:05:58Z,40.672129,-73.969753,Run,20434.4,wwfwF~enbMfCLrMhLxQz@vI|FfEdE`EdLnFlDRjJpBfAAxAbWdWsn@znAgGyDrEqJcIgIpF}Je@qCc_Aut@uh@e[{_@dtAuN_KaC~HiFcCqDx@}H{EoDxCcCyDcBjBoUFulA~cB_As@tCrK_EpN`B|Ca@p@dA]ApF{@xCuBWc@~A|AkDbCp@\lCu@RBkFaAb@vDeCkA{DfCqIsCuBdAu@uEo@pE{@gEwLph@cp@re@_r@vT[`B}X~CiCdIs@jMyLAxCvAGbLgFpA{D|CYRcCvEm@CuCdNuCrJoHhA{CtEi@rZiR`JkKzCg@nCyF
77,name,2019-01-04T16:19:11Z,40.678776,-73.944214,Run,6492.2,iahwFjfibMOEYAWKG?SHk@G_@?WE[AIBK?O_@E[c@y@?I`@BAGIIQ?KGe@CO@k@HGDQR@HCFq@I_@Kc@J_A^m@L[AO@m@Nm@B_@MW@QFQMkAh@SN_@J]B]IQFYBUFk@@[AE?_@Ta@N]C_@JKGM?GBGAWLw@F_@A[HWBq@P[IKBY?KF_@^WH_@MYBQCEFMDOAMDUEK@IHUGSH_ANg@POCe@HEEC?cBPi@Ee@FQFGEK?a@Xq@DQDILq@HSHOCMBSEI@SEQJUDYEi@Ny@D]JM?i@RIEWDi@Hm@Na@IU@OBm@Dm@LU?aAHYAMPMHEAEDMBMAGBWC]F[CUDEDKBWLm@AO@o@R{@HWCG@KAIDk@AWDSLO?_@P]F[AEHGC{@TKCc@DUCKBGAq@ROEGHu@@a@J]JG?KUEw@Ki@AU@g@AWYUKEAKII?[HAZyBCABWAIIQQSCMEo@DcAC}@Oq@Bm@O_@DIC{@Bc@AKBOEo@BI?k@HSLCT]DM@[BIJADJLCFBPPDBDAf@KRQ^IZ[Z?ZCBDF?VENMKJYPUTQ`@CLEAEDE?IIQFKKCGICUAq@OIBQSJGAKBICM?JIJKVWdAYBCKX[HQ@OE?CDSj@Af@ITIDKTOFBLA`@Bd@FXFFBH@JCNFHDRAHDVENJl@?f@BFA\B\?`ACR?RIh@Jn@X~@@PCDDTQfB@HPLRh@?PBDHvADHH?FGNCLMz@IR?VEBGN@XKT?LDTANING^@ZI^Fx@U`@[v@g@L?RFb@Av@]LA|ABD@FAPBFAHGl@DNE`@WrAAVMX?HDN@n@M|@GTKdAGTMp@@PKNQLE^?`@C`@BHCN@`@QF?HIh@@L@LF\GZIJGRC`@ONAZHH?JCP?HBLK`@K^?RE^Eh@ET?RQFAZB^S`@?LGR@BDDCHBJALGVI^GB@FNPJNCVM^IPA^Ij@@r@Ml@@b@EJATKNALKh@FLCF@HEN?NCDCr@Ir@]h@Dr@K`@M\?RC\@XC\QPUf@@r@ELA`@SVGRJFE^?LBJILENAb@JJC\W|@EJ@XML?PG`@@\GVAZOp@@j@UR@f@IT?JPGZ@LHPLJx@VLHD@BD`@ENNJDPCVDh@V
78,name,2019-01-03T18:56:01Z,40.678505,-73.94412700000001,Run,9676.0,s_hwFxeibMnB[?FH@`@EH@`ATRj@JDbD@b@Gt@W|@Zn@CNJ^Gn@LHLE`ADRAr@[|A?dAIb@Dv@Cx@K`BF`@A|@Nz@BbAa@XUtADDAb@Jt@GNBd@Cl@Kf@@hADj@QdA?VDD@VMfACjBDLMrACtCKXGd@Cl@D\Mt@OXKrBILG`@MTS~@A^KXCTDPGf@Df@GdBWrAa@x@C`AU`ADDCb@G\DHQ`A[p@G`AU`AIp@HN@LSf@Kp@A|@I`@?z@Ux@@TId@QRG`@Bd@EDCn@Ux@E^DFg@vBCXBr@g@fBGl@@RIPBn@c@tAYdDMl@Az@K^?p@Mp@QZGbBg@~Dg@bDUtAIxA]fA@RQvA?z@Kd@Cj@_@tAKbAH`@ETg@l@SxAAf@]bAi@nCc@jAId@_@|@c@~BUl@A`@{@dBg@j@IvBo@vAc@pAG~@Q`@QfAi@`AEp@EDK`@STg@hBYd@[`BKJOnBy@|BUT]z@Ox@Q\ObA_@bAq@xCMZUXY~A[h@Wx@SjAI@O`ABRGZk@pA_@~AQ\g@xAGd@MVE|@Wp@Y`@Y|@@FSl@Kp@BMGOJi@Ac@Va@LCNm@?_@HQRGDo@R]d@kA@m@Ri@NODSTQTo@Iq@V}@d@u@j@wBZo@H{@j@wBDy@\s@^m@Jk@r@_CT{AHORKD{@Zw@Hy@`@SR]Na@Jq@EMNm@ROReBl@sAXuBNWBm@Vq@fAoBf@qCx@wCJ}@HEFSFq@^]j@{A`@oBBwAxAeDJe@Dq@p@gAGeBNw@JaB`@{B?]Jq@\kAFm@FIIHBQXi@CgAJ}Bf@uADg@VcA@i@Rw@A]VgAAu@VgADyAPgAAq@V}@Be@AuAH[RSl@cC@}@Lm@DcCr@sCFo@Cc@t@oA@a@LWCoAF}APeCHOLi@@aA`@iANyAR_ANuBXw@Ce@XoCDC@iAZqBDsBRaA~@uH?_BJYAiALgAGYFgA@kBEgALm@Aq@d@_AF[AWE?Bm@Gy@Mu@@WX}@Fs@QgALWGYFOGIAQJGL_@R}A@i@g@oARQHUJwA_@iB?s@w@D{ACkAq@g@b@g@ASEUUSB]_@aATaAY[Hg@Ku@J}@W
79,name,2019-01-01T12:24:44Z,40.693141,-74.001361,Run,9729.7,c{jwFpktbMuDuAgDhKuCkBxByMyJsGuEpMgCcC|BgJgCoBH{AePgEm@vGyHeIv@sFaBqKmBbA_A_EfAsGeD{D~@sEcCsIlCyDBwJ|BRVk[Idf@}D`AqAbDdCtHqApErBl@lAbD_@xLhBa@hBtJy@~F`ItI^aIlPhEPvBrBrAaCjJfCjCpDwM|KxG{BfMn@fAxBl@bCmKlDlA}ChLpC|AtCkLoAaA~@gDRhAjB{ApBuJ{AnJgIpIzAt@y@rBv@sF
80,name,2018-12-12T19:14:28Z,40.678574,-73.94414300000001,Run,13829.5,a`hwF|eibMEEC@BKZGrAV~B?zARbF@p@RPKXRlBCnBTtACbBRd@GpC\fADVG\H^GVDFLRNf@BXL~AFn@El@Jf@Gb@NS~GWrDGvDBhCE|AKt@AhBIdBKn@JxBGlACvEMvCBlAMbCClBy@pGMj@UlC?`@g@nCY~B[rAg@fEUfAAn@c@~C_@vF_AhEa@pAs@vD[z@KbAa@~BMnBIpE^x@nAlA^pA`@H|Ck@~@iAb@iAh@WrBSVNdAPj@d@PZdATfAK|@c@JO|CUbAy@b@_AJa@Jm@\y@p@q@`AaBtAmAnBa@dBcAZATYzAu@p@En@YxBAh@DHFGv@St@GxABd@VxA?r@Jd@MbC^pCh@fBn@x@vA|@fE|@`AvAZt@jAvAjAb@jA~@^Jr@nANv@HLJ\`@\`CTbBH^?pAWp@Az@e@rAaBlBwAxAM~Dn@r@A`AQh@]v@o@b@u@ZeBQqCe@aBa@e@]y@y@kAoA}Ce@uAc@yBCs@Bm@EKCm@EC_@uCK_@k@y@E[kBeDa@U}@eAoDcB{BSuALwE~Bm@NoCQ{@X_Ar@eA\_Ah@eATsAv@oBl@_@\m@TWRWh@i@bBAx@PfAJ`@PjCGzA?rAr@|BJj@dB`Bp@P^XvAL`@Rp@x@f@nAx@|@dBdAdAJXZ`@V@JF?f@~@\nA?bAI^cA`Ai@pAGBk@hB]n@k@h@Qp@OFQb@STi@pB?bAMhAs@fBu@x@a@LoADaAUqAaAoAiBC[a@u@e@iBo@}A{AcCUY]OMK@Gk@]KQ_B{Aa@CsA{@Q[aC{B_@QcDW}At@k@EaAHcAKuCgAcBaAuAgBaDwBk@u@Ys@q@o@qAY_BFc@}Ak@u@K_@EgBLqDCw@RmA@c@ZcBHcBd@gBDi@h@sBTwAL[\aCJcA{@B?c@Nm@FgBCWX}BLSGi@BYZu@?gATs@JaBPa@@k@\qAJ{AVy@De@G_@Fw@`@yCZwAJiBRiAKiATkADo@GK?y@RcEBgDAiAPwBCMDGCu@Fe@FaCHq@?qBHSGiA?oBHaBKYJm@Cm@LkB?wCXoAi@@wB]mBH_@Sc@BSICF[I[JkA_@uDCiAKgBKwBTo@]iCC_@OSHcABOMO@_Ac@]?y@Ps@Oa@EcAD[OaCS
81,name,2018-12-10T08:20:30Z,40.678418,-73.94426899999999,Run,9728.8,a_hwFtfibMLIT?HHjAOV?VJRId@CbBLdATl@Ct@T`@?FHBIFBdAYLHl@B^\dALpA^RIhAQbAR`AKt@T`@@?FfAFf@IrAL\LzCKNFAF?GF?f@Nr@Gb@?TTBbAAt@W`CCdDSdAB~EO`DB`@O`BHvAKpB@d@KbA@hBGp@?t@GlB@hDEx@On@F`AId@BXJPARu@pDWjCu@nCQdDG^IfA?`@k@fCGx@W~AY|BAPMx@UdCWvA@JDB?N_@xAE^M`@UnAc@jAq@tCCp@W~A@l@C\EVUh@If@CnDYzAA`Bf@GLFTVRj@z@d@ZjA\FnAKt@ZdAtAZn@hBtA\^tA~@v@xArAj@^Xr@PlAJh@Vd@BBFVOz@DrB_@rCJlAj@~@rAn@n@ZNn@j@j@NZ\h@T`@`@b@r@b@^f@l@\l@Rj@JHT~@b@t@NdAf@`@f@`BHLhAlAf@\hAXHW]g@K{@s@mA]a@Um@[k@GYS[e@uAc@q@yAqA_@k@UQq@sA_@mAc@q@a@Yi@IgAi@Kc@?_@Mq@KM]Sa@I}AuAWOi@OoANw@VME_A?g@[S@_@Ta@?a@S_@G[BeA`@]?a@IYOa@q@k@gA_@Ga@Hg@AOSAKQY[Ke@FiAXCFUDKCMD[O_@s@c@Sm@g@]KY?MISw@KgA{@yASe@GuAFyAHc@?[J[Gs@Fq@?o@Tg@IMb@yAB_@h@kABS?c@b@kAZqAXwAP_BJOAGPm@A[BQCOm@c@AHe@@Dg@DQTa@l@iDA_@N_@Nu@D_APa@@_AAOLi@?UDQEId@cBA_@NiBBKPOLo@AUBQE[P_AASN_A?WVaATyA@_@F_@CGV}@Hg@CeBBc@Gu@CaAHqA@_CAe@Bc@Ci@FUBYA]FyAGq@Fq@Em@D_AE}@Jy@R]CYEuADyAEi@Pi@BQEQk@Os@LOGSWWEgAJs@U}@CYB[Ia@HUMQo@AuBPaA@i@NiAOeACc@@]Ue@s@GmAc@a@@y@QgBBq@GmAc@{AN[Mw@Bi@Wa@Dc@EcANm@O]JcAEy@[IJSA{@Qm@YkAKOBq@^O@UMe@FOQCa@@wCJw@?o@Ej@Bn@Kn@U|BFVLLr@Nj@B
82,name,2018-12-08T07:48:10Z,40.678596,-73.944313,Run,24926.1,e`hwF~fibM`Cc@rIJ~Cj@xBUtBf@j@Wl@VjHFDv@`@JvFGjFd@MjI_@tFB`Fs@bTQ|QmAhJkCnQSzDk@lC}@~IyCrMeAfKHzCh@Xj@~@h@HZfAJhAM|@s@l@IvAm@rB_AbA_@@JRg@jC_@`@Jf@MjA_@Zg@nE_D`He@vCi@dAGdAm@dAcAbEi@vCq@pA}@zDwA|D@f@_@vAw@`Bc@`CeCbH[tBeClHkAnEo@hDwEtNQxAiBbFAt@k@rB_@z@u@bAKdAg@fABt@s@L_Ca@{CiBcC_A_HoBy@iAwEo@{HeEs@?mCqAyA_@cBMg@q@}Ai@_@g@cAGyA_AgBKk@u@qAKeGoAcAFaAx@iDqBd@oAUcDgBRoOQ{@f@aG`KqEnFgQtVkDvDiI`MiQ~TiE`HqDjEx@pBhBpJAb@q@lA@rAvBf@xAz@R|AfBj@jCdDjB]KVASZCl@p@TdDnAm@Tj@WZLC`DgE`AVTj@f@A^d@xDXpBr@Hx@b@Gb@|@z@k@zBl@CwBzAp@z@K\d@`@hB?~@pAvAAvCgEnDaB[wBlAkAjERhAEhC{@tCNt@\PJpAeAbBiFv@eAi@E}@]g@yEuC]lBw@|AyGyAaJsAwAPa@Ua@yAVaDiEm@_Ae@_AZ@bCc@tAcBGaAq@qBVoS{BMUn@oHIuEb@aBUs@}Fu@aBm@iAd@cFaBiGi@ToD]qBXuAl@{HUqBjBRj@[bA?hEx@ZWSiEj@sCKwA|BsET_Bn@{@~@oCPaB`AcBN{@bAa@AkAj@s@f@iDfAwB@wAh@cABeBh@eCr@oAP{Ah@oC|A_AdAPC[j@cAnA{@r@gAnBs@bBoBxCm@xCgBbCm@~BaB|@Qd@UxBoBhCg@|IoD|DqClN}EbKiFdC{@tGyClDk@vCp@jAaAtDnAnCAHZa@zMVf@AhAdCF~Bk@lAj@|DCxCrClCZjCdBtDz@`@z@nC`@Vd@nDbBnAHdAp@fDn@zFlCxKfEt@@`BnAdCj@|AkGh@cAEw@`@aBlFuOtC}KbAyFrBsEdB_IdAsB~@gDXyBh@q@n@wBVeCh@[TuBj@eAPgBz@iA`AyFdAgBj@cEpA_CAeA`@_@~@_Dr@mEvB_HJ_A^YPcCf@mCQgCgAaBRqAKaEr@cELcC|@{FvAmFGk@d@}A|AcJl@kKf@]
83,name,2018-12-06T17:15:57Z,40.678725,-73.944193,Run,8638.1,_ahwFffibM_@Mk@L]CkAWu@IMIIW@q@Ca@OEKBDAEAAWYGGQA]Da@Ei@WuB?aAQiAKeB@i@EgAG{@@g@Eq@Om@?a@EIFEOs@IiA@YMoABUCc@Dc@AQBIOo@?KK_@C}AWgDCkBE_@GKIgAMi@E_AE]?a@AICq@Kk@Ai@KoACmDKq@QoC?]BGMq@?QEQ?iBCa@CG?[CIA{@Sa@Es@?i@De@Cu@GaAOy@EiCSqACo@@e@Qy@@IQa@DKGa@BSCIDoACK?QCK@IGUGsBKi@E{@EG?q@GOBEIW@KOiCFk@Ww@?o@Ei@GqBQyA?s@E[E}A@aAOoA?YCKAq@EG?a@K}@B{Bi@yDGuBIw@Ac@@eAM}@Ey@@kAMu@Em@_@Y_@i@e@YBGMKK_@MKI@GQw@g@kAmA?Sd@k@p@iBd@s@dBkEQWLo@n@{ANo@VYXcALSFYj@w@ZUT}@j@eAb@}ADGXKz@yAp@_BPk@^{@Nm@NSDYfBqD?KZW^}@z@gAj@yAh@_A?GRk@Jq@HsAEgARmCSkABBDTA^BH?LEDAd@BN@f@G^HhAQzAw@xCa@r@E@Wl@OHg@bAo@bBYb@aApBi@zAUVmB|Ea@b@[v@U^c@pAIFCLs@lAQ^AN]j@AFEFIXSXSl@k@n@Up@?FSj@VZAHY\m@vAQj@i@x@Wf@}@zBI`@Q\ALVVXH^X`@PPPBJT\\Tt@t@RHFNPPFXBlAHhAQ~@@PL`@F~@DDINBNFFD`@FRL~BEp@JhADfBP`@BN?j@Dt@H~@?XFTDDIXLh@Dn@Fh@?d@DPDlAJp@BdCHb@@`AH|@@j@Fh@?d@Gt@V`A?p@LbAAn@NrAJl@@^Hd@BtALr@@`@E`@Ar@VrA@VCjABz@Bh@Jh@Ad@LnA?^FPAVFTAJLv@DrCF^`@r@Hz@If@?jANz@@pAApA?PFJAFD|ATlA?nANrADbACJLXCJHL?b@Ej@HD@`@At@XhBBl@EhAN`BL`@Ad@Lb@@d@C\DzABPNPFRFn@IT?rAHv@Er@NhANb@HhA?bAFjAEd@D^Cd@B`ALJDtBBF@^Nd@C^EFLJVC@F?xAIz@PJxAPXCNHbDE
84,name,2018-12-04T07:46:18Z,40.678687,-73.943912,Run,5917.7,w`hwFndibMXHZBJBH?BFH?PB\Ch@JRCLFF@PIFHNCJ?PHXTD@f@ERWBFJCFDt@DPCb@@ZH\FrANf@BNANIR??GD@`@EVFRCVJFAJEHDPAF@VHPNf@@\Ad@D\Ht@@TDb@Ed@@FBH?D?DCvAPl@T\MNAb@BNJNDl@EnA?XTb@JN@RALAPGDBDCFNM`BIf@?XAJBl@EH@VEx@?r@CBBVCLEBEZFhBAx@Ef@@^Aj@E^@x@Dj@?nAGVE|AKV@^Gz@@XAv@Gj@@rAGj@G|A@r@E\At@KZEd@?PJVGd@Jj@EfBObAATBV?`@Oz@StBUz@KnBg@bDGp@Ch@Q^@b@ER@TIP?f@GPEf@KVCr@ELKTGhA@^CD?LCDIb@MZ?`@Mf@Et@Wn@SrBIXAp@Ij@CF@VEXMx@IVGp@CFW@Yj@Kf@KVKn@Wp@M|AKn@@VGLG@?`@Ej@S^An@Q|@Ef@CFE@Q?UC[IUM[GQIKQMGOOMEQBe@IUK[Cq@Mg@Cc@_@{@_@UUMCU?]EIG?GFS@QAqAH_B?c@BS?YLGA_@FAHg@R]@IDc@?a@Lq@DOVc@BWHWASCGFQA]D_@Rk@@q@Fc@Ta@?aAFCBMFe@Ji@B]L_@Bs@DQAe@@QL_@DW?a@JkBZcB?sANkAASL]Ds@Pa@DW@GGK@e@GW@PL?FCLa@BU?_A@OFICQFKCQDAN}ABi@Rq@B{@J[HGCe@B[?w@HYC{ALs@BGHyAGi@@a@Ca@@KAsABq@?UBGAOJa@Ni@Ek@EMCc@@E?wABy@G}B@I?UBG@OCe@JcA?{@CIGEI?e@@SAY?o@Hu@OQAOCSBEEGMMEO?E@ILOFc@KYHMMSEMK[BGCEMCHEDKMGSGaAFc@Ra@J[?OGY?KDKAg@@GNYM]JaAEi@GQq@]M@IFW@a@IEa@CIMCWCiA@k@M]Ca@MgA@UNE@KGK@UGo@C
85,name,2018-12-03T16:39:43Z,40.678519,-73.944362,Run,10399.4,u_hwFhgibMD@n@i@CIPWNLD?GL_@Kq@EyANk@AMBGNE|@PpAMbBOrAF|@Gh@Mz@WH?nDMhCBPAbAEHMbAAzIEZ@h@Kv@BXKxA?jBGtAOR}ALSPGXo@jEB\Sl@Nv@U`@_@jAO|@DHEVKT?~@S`AEzAFt@GLOlAEPG@AVs@xCWzBGxA[p@Kd@EbBc@hCI`B]hCQt@@ZIPY`D?Xa@hBI|AUXG\IlAK^BXKb@Db@[h@@`@I`@Av@G@?H?f@c@|@G\Db@g@|A]h@q@rBUhASb@Ar@Q`@@DKJu@fBYfA]r@Ox@a@`BQb@In@Wd@_@xAIr@Yb@[hAg@z@Id@DT_AfCSjA_@n@[xAa@~@i@tBO~@k@z@WbBSPQ`@DPAT]rAi@`@e@vAW^[JYXiAXWTQDQXm@?Db@qB\_@x@[FWVc@JS@qBz@WTo@Vw@FgAb@m@FkD~AoAM_@R_@^W`@a@ZaAViB`AOLCz@u@j@y@Tq@d@a@Ey@`@uAT[XIf@A|CUb@ATWRi@@]KsGFIIm@kBAHC]RaDVoBBs@MGGUH_@DII_AHuBCe@Jy@?{@CUX]Hc@KgBFoCC]DS\Gv@RpBHb@EBFtBMbBBpCOZKVDDId@K@[V[jBCVKn@BPKTg@LGT?`@LTCb@]L_@TSEGv@{@dAMR{BAoAIo@NmACa@HsAA}@DaBH{AEg@FoBKeAA{@FCBSx@QLKRBbB_@l@?\Op@ABiBGWHuAEk@Lw@@wAC]JaAIe@DiBEo@RuB?_@Eq@KY@a@Y[DK\MDWa@{CKoEDI`@DdAIx@{@X?b@LbBGNFXGpAe@^BtA_@~@C~AWVBlAW`@@bB_@v@@f@MnB]xA?nAU^U~@@\St@Kd@Dx@Gh@SZ]d@KRsCLi@d@iEJS?cALSPgADgAHo@HKBo@ToBJSVaAFs@?eAP{@FiAX}AD_ALk@P_@AQTgABq@XiABoAH?@I?_@AQRmADGAKTq@A_ATmALcBJo@DMLER]EmBOaAOc@f@}@d@i@ESHUAUMGCu@UgAHw@PSIONi@BsAt@AfAELM@o@CGFgBCe@L{AAcBFiAAk@ZMEUFa@Cy@FYCg@NsCAcADg@EeAFq@d@a@zAH
86,name,2018-12-02T15:32:13Z,40.67853,-73.944098,Run,6558.6,y_hwFreibMFGLGATH?CFZABIR?PHJ?DBLIBDL?DCRAH?\LJEFB@FCvAG`@CrACRBHCdABDId@?~@C\DlAA^IT?FDt@QhA@F?r@BTIr@Db@AdC@t@E\MJBD?LEf@Ez@@`AInA?TGj@@DAJBB@RCn@?LKr@@d@CX?ZDp@OPM^ARMrA@l@Gp@Kb@E\Sp@MVGVEZAf@Fp@ARG^QZIz@MVKb@@XTl@?TAFEDk@MGR?`@MdAIfBCL?d@CDB@E??FEBG^Wx@MxA?n@MTEl@M`AC\Sz@Cj@CFCZI\@\Qt@Cl@IDARGTG`AD?ARWp@@l@QfAAb@g@~D?RKb@O^BvA@FEJKDGP?ZIv@OdAUhAM~@ADUNa@DgAGAI]VSGSPB\G^Oh@ILGRBNLf@Af@EFQ@?HE@BNCb@Qh@AFIREROvACt@IFEN@FOh@Cl@Mz@?\EZ@NMX?JEJEAMxAKh@@VDRcF`UXv@@p@yB~ECQDYHGP?F[FADGHGHBB[ESBGNGBOFADMFBLIF?FCn@SNGd@Mj@[hA_@`@AXWZKPQVGJINS?c@b@yB@GEO@_@RcAPk@JMVQNY@SAIUq@Ee@Da@NWDMIy@Bm@\wABEAKFYJO?MDI?_@Ew@H[LYDw@HONG^iA@iALe@De@FYAcAPs@ES@QTaA^a@@GCu@@[CIFGBKAOBSBs@AQHSRw@F_AJ_@Ci@BQVaAD]Pc@DOHgAJ}ATm@NqAFSF]Le@@YEa@LOAIHaA?a@NYJe@FyAF_@D_@?q@DO\_AHm@AGH_@?i@Hg@Ru@@_@DULW@MCQ?]Ly@@i@FEBGDs@Jm@BERGLQ@KBE@GKKAIDSEu@Fc@`@_@Pm@GQDKLKGSEw@\wBDIEECSBUCe@B_@AW?m@N}ADO\o@Be@J]JYF[?KKGQ]B_AGk@Ny@BWAMJ_@@e@DOCIBSBGAEJW?YDW@eBCgADm@Ec@?q@Cy@LaABqAQuAHw@AWBWDKRQ@IGu@Ba@CEASBOAKDQ@KGICUBw@AY@YJg@@i@FQW?WGQKIAG@EDi@Re@GGEMDQCKESCOIc@@UBMASFS?MEG@
87,name,2018-12-01T10:14:15Z,40.678325,-73.944195,Run,16202.7,o~gwFffibMfCOn@\IFLVrCK`A@lADPPa@rCEfCVhBUvBCjFe@`DTd@[|D@tBVx@Q`DQb@?zBLZWz@s@rGIdAc@lB[fGg@rAEpBOVg@hFpBp@TPVx@~BPb@j@vDADl@j@VtBDxA\t@Vf@b@YHz@h@zB@`A|@El@^HK~CP`BSnD[vBs@nAm@|EgAlD]xIJz@r@Hj@fAZBZ`@\pAMlBFh@n@bAl@f@xEnBbBzBlAh@j@`AnCdA`CxBz@xAzBv@`BlA`AnAlC|AfAbBrE~BVr@^@|@lAtAl@xChCZn@`A^T`@F|@hAFd@^vACl@Tr@bClAb@`ArAbAj@d@`A|@Z|@pAj@Pp@jArCnB`E|FWy@u@{@@K{@m@kBeBKOKy@{B_BEe@oAy@q@Ke@}@w@]Si@a@MMk@{AsAsAeCiASBqEMk@RiAxBmCFy@~@iDCo@LcAt@kAx@o@dAkC`BaC~As@~@K~@^nE?`Ay@fA[|@eB`Aw@tAg@`BInBl@fCBfA]nAgBb@qC_@sCmAuBKq@uAwA_AgBe@}BkAsK{@qCeBqCiB_BiDcBcDUyB\eAz@aCbAaAH{@k@qBn@iAdAu@@sCzAcAt@yDzA}@rBCpB`@bAGjGNbBp@dC|@pAl@^CxC_@rA@`A}@`C{@l@O^a@pBk@xGYVe@pAnD|JlAzAnBfA`AlAGfET`BWGU_AeBoB}@wBcCqAeAJwDwCa@aAmCi@_@Oe@u@sAYc@kAi@KQ_@c@ASe@u@[gCuC_Ay@{Au@e@iCe@{@gDmAaAcAaBoByB[{@kAaCoB{A_@@eASuA[c@_@@[e@IeAXwEEi@Lc@Ga@bAwFr@gBTyAB[i@]|@sDCk@fA{JuBsAw@DoAa@e@e@aAAwB_AkABaDs@wBs@A[[Y_Dq@sAAy@k@HcFf@sAKu@d@u@ReAH_Cb@iA?sAd@{AA}@X}@d@sEG_@ReBQsCJc@OOXmAEm@Rs@BqBKs@@iDTuAOeCZcBGy@R_@Mk@J}@GcARaAa@Q?e@e@]r@m@h@oGFcDIo@AmBLw@MCT[IiAJaBI}CReDGU}BO[TH~DFb@QvA@zASjBYl@FzAOxK{ARi@a@uAGYN{Bo@
88,name,2018-11-29T16:26:58Z,40.678905,-73.944276,Run,9466.9,cbhwFvfibMO@GM@GFC`@@RHNEJMLABGN@HGl@@jBThADn@Rr@I~@?x@Rv@@|@C~AHl@M|@NXPn@NnAEj@Fd@AZHpCE~AVRE`AFLHF^b@ATJd@?XFd@MXATJh@JhACFBIrCYjAAPAnA@lAKzBF\Ft@MfAA`BIfAGlDGdAFz@?dACTMh@AdAQzBFz@CPBLC\Db@?fBIlBGNAXKj@MPAJB`AHNDf@c@dCOnBO|@Af@Ef@Ib@W~@Gj@BFGjA_@tA?XGfAWzAIdAQx@QrBIPGl@Kb@IbA]fCMhBm@zB]pBQ\Un@Kb@GNIn@Sf@ET?b@I\G~@S`AC^IRUlABdBMtAEdBNj@AHDH@F`@PHHPz@BFj@NBF@ZDE@h@Cb@BNDDP@PHb@`@Tp@PRZPRVz@Tz@x@X\n@^f@j@`@\VN\^RBPL`@b@HPVPXFdBp@jAlA`@Pd@`@j@Zh@f@BHTV^TdA~@TJjBvAPVnAlA`@VdBbBtBvAbAb@PPf@XfAlAnBhBp@d@R@PLh@l@z@\hBfBx@d@CIQQKSo@i@KSc@WOS[Qo@q@cAu@UWkGcEc@i@]Sa@]OGKSw@i@_A}@k@]_@Oo@y@w@k@]SuCyBiAcAk@]q@m@q@a@EI]_@e@SSUSOKQWKQQs@e@UI_@_@UQQUYM{@q@WIW[]Qw@}@kBeA[Uc@o@sAu@GMHk@MsAQ]@_@AGWUIc@QMCa@QGWAUOA[Fe@@i@RcA@u@HeAHSNoAV{@Hs@HUHg@B]Xm@Ne@Jg@Na@TwAAYH_Bf@eDHcAJ}@Rs@PiATg@@u@FSBaAFQDk@Jg@Pm@?WFUA}@FU?_@NiB@[Li@N[Ho@JW@i@Je@Di@FGAMRu@FaAHa@?g@T_CFmACa@?w@B_A@w@XgB@W?GG]GcBRoCAqAB]?m@HkAC]Ba@Ce@@}AEYAc@PiABi@Ds@N_@?GAaAD[EEAk@Do@AeCTcCAy@L_B?_BGI_A?[CQKSAi@?y@L[@cA]u@EQEG?OHAJE?YASMW?QGK?QHm@Ea@BSQYKi@?_AMeCCSFKAAJMFa@Fc@UQQ_@GQ@WGs@AKC_@BQA]Ik@YU@i@He@?uBMi@Dy@CSGs@EYFkAK
89,name,2018-11-15T06:23:21Z,40.685071,-73.986304,Run,5341.7,uhiwFlmqbMSp@Ff@cAK[`@In@Cr@Qn@[zAIl@YdBu@`Cq@jAi@jAN`@eBe@iAw@a@QA?]YgAk@_@_@IOiA[_@S_@]c@WS_@dAo@vAvAZR\n@_@Ld@Xl@Pl@^LDd@\^Rr@h@HBbAj@XV`@BViB|@kDVm@Fo@r@kCr@aE^yATo@h@Gf@yALq@VaALo@Re@RaAh@yBh@_BLa@h@yA`@yAFq@j@oAPk@Lq@v@mBDo@f@_AAo@~@aCPk@ZaBj@qAJm@j@aC~@}BPk@l@gDNe@D_BHOD_BHo@CUBo@NcBx@}DDuBj@eCBo@T}Aj@kCFaBLy@@o@Du@X_BBs@f@_EJo@XsCNq@ZsBP{Cb@wAZwERi@d@qCJaBn@uFFkAd@wAJs@LcBXmBJcBNq@Hu@HuBNe@\sBd@sCFu@j@kCHw@DiA@GDmEBu@Co@?kBDoBKe@Fq@DeBDs@N{@HgBEo@AeBPgGCq@Ko@?]IUXgBLYFYg@Ig@BoD[}Di@oB?
90,name,2018-10-29T18:41:36Z,40.681509000000005,-73.97454300000001,Run,2839.9,krhwF|cobMIn@_AhC?KH{@B}@^iB^u@SCAg@d@_Bh@wELaBPgA@]Lk@Ds@b@{CHw@VgBv@{DIYXwAFs@V}AR}ATgAT_BFm@Cw@Lq@?WLm@ZqCNo@`@sCX}B?Qd@yCd@mENm@NkBTaBBYJm@b@eEb@yBZyCf@mBIc@j@sC\qCLgBFq@H_@?gABo@DaBHq@JgBFaFIg@RwC@m@FoEFgB@uDJsB?uADw@@cBFo@C]c@IiAHi@Ee@Ai@Ee@Se@?{AI
91,name,2018-10-27T13:28:22Z,40.678213,-73.94404,Run,14497.7,y}gwFfeibMlA^f@C~@LnAAlAP~AFLFLn@BfEGpGFl@?xEYbDQrEA~AH^Th@?\Dx@Ln@sA~COdC]bBs@pGOdBH`AEt@Wv@_@dBKz@KvBEdBQzBAZRTrBx@~@RjALf@LbAf@jBXhA`@d@H`ADRP^Ff@Rl@@d@Lb@R^\f@?f@Hb@Rj@FnC`AdCd@jA^pB\bAEZLd@AnA\rGmAdIc@vBWpA]jBKzASRl@RpB@p@D`@\x@fAx@t@~@b@LnAOzBe@h@Eb@M`@Db@b@pAtBBVUVmBhAeG~BgAh@eEZi@J_GjCiA`@a@HeAf@aCbCs@bAsApD[d@g@RiAFqC~@gARg@Ac@MiBaAc@IsACg@Na@T]f@Ml@GbA@r@Nj@Vj@^`@`B~@~AvA|@jA`@^dBnArCZjAIxCc@nBRnAf@`@V\V|@~@bAl@|AtAhBhAlCxDj@zA`@|ATf@t@pAtArB`A`AlATb@?f@I`@QdAiAl@wALo@NuCl@qAXe@~@_AXc@rAoDVg@`A}@f@WvBCvCHpBa@b@SzB}B`@YdAk@d@KpAEfBt@d@Ht@@b@IhA_@`Aq@v@aA^{ABq@Gu@k@oCWk@y@cAUg@mAgBk@qAi@qCSiCCcBW}Ag@aBYi@Qk@uBwBaA{@cBkAeAe@kAYqBCwB`@sDvAc@Jc@@oAKoBp@c@LU?[YYg@Qe@Kq@CEi@@}C\qBJkASgAk@a@_@m@SGq@UqFa@KaEl@yCN_Cf@S?{Dr@mABgEf@{@BuATKg@CEcBLiAOcFyAU[mFcAc@Ua@Gc@UyAIoAB[w@m@Qi@F]K}CyAkAQgA_@kBKsDqA`@qAJo@Do@?u@^wCn@mCLoA?cAVkAFq@Po@PcB@u@Dq@Jq@Lm@Do@CWHa@Co@LeBJq@VqC@w@Ew@G}HJeBPiBDeBIiANm@@w@Lo@IgGIy@?qAi@G[M_@HuBEe@F_BOiBKaA@mAQc@H_@Zq@nAAv@F`DNv@Mp@?v@UbBKfBQp@Et@E|CVfBc@vF[`BAfBFbBA`BVf@t@Fb@KBQDAuA\[^P]Hs@@w@EiBF_BA[L}AFyENaCF_IHeB@}CFo@HmBF_DRuAf@EnBTTj@Er@Bh@Rq@@oB
92,name,2018-10-21T18:20:42Z,40.704003,-73.994436,Run,6405.6,__mwFf`sbMCa@R_@RMH[t@eAXg@hAuAHEv@gA^a@r@qAr@cAx@cA\]\e@^]lBqC~BaEXa@^_@f@Qf@Mf@AnADvBAb@Df@Cf@?f@Bd@Ff@Ih@Cd@?b@BDALYIw@AY`@MZa@Bu@N}@FCnADx@FjAId@Fd@AtAQb@@XGf@CrAJlAKb@Md@e@Xu@f@SRTNDdBG@FDBDTfAxBj@`ADL^^@B~Bj@dAp@FJC`Af@PXL`Bh@d@RbAp@^Hb@Pt@f@RDb@sAVi@Pm@f@qA`@}AdAuBTm@rAqFLq@B[Ve@t@mCz@aCPk@^iCRkBPo@Po@Ve@Rm@P_@FWFERo@Vk@`@sAVk@`@mB`@uAAe@Lo@Vi@~AaFh@sAd@{A\{A@y@b@uAAq@Fs@\aB\i@Kw@@q@T_@^a@JsARk@AyAFo@EaAHo@Jm@Tk@Fo@XyADu@LwABs@b@qCd@_CIQl@mCLu@@o@ReB\}APwB@YTg@Do@L{@Ee@PeBLq@Jq@TuCf@oCBw@d@sCr@aGRuAEUNs@TeB\{CXyAV_B\{AJo@D_@No@`@qCPq@HmB^aDQw@?eBDgBTsCF_DCWN{CBcDF_DC}C?o@Hs@Bq@?s@DgBCq@FqBSGkAAoAQiAIC?Ca@k@@wACg@B
93,name,2018-10-21T18:07:39Z,40.688486,-73.98917900000001,Run,115.8,_~iwFj_rbM{DwB
94,name,2018-10-16T18:12:34Z,40.679912,-73.966494,Run,4550.8,mhhwFrqmbMEr@Kt@Gt@YzA?ZGLc@nDgAdHe@lEEr@Y|Ae@dEWdBIt@CdB[~AKp@On@Et@On@Uv@m@d@G@MTc@N]ZcAj@]^a@Xc@Pc@ZaAVu@d@cAx@QZ@H]H}@Z^c@^Qb@K^]fAk@bAu@~@{@nCcBl@e@PCRW@e@LIPW`@YVa@Rk@p@{APm@Io@Og@?a@Hm@`A_EFu@@w@Kw@X_B`@aAXaB@eBBs@XwCf@}D@a@V[@K^m@Vk@V{ADq@^sCKq@X}ABu@^}AG{@@s@Vi@Jm@?u@Do@Fm@VgBHs@V}AZsENq@TcBDm@RsBJWf@yC\sCZgB?s@Gm@Dq@DW^iANE^a@Ve@Fm@WuBr@gEZeAEo@Bo@@mBHkB@_DCu@Ds@Nm@EgGHq@HiCFgAO_CJ_B?wCDeBAcBmAMe@@g@Ci@Me@DUc@kBC
95,name,2018-10-14T11:24:25Z,40.678011,-73.944052,Run,12878.2,q|gwFjeibMhAPl@ApBFzB\h@@HNIhCIt@Ev@CrEPv@LPSvBG|CGn@JjGI`BE|CGn@@t@OvDBv@Q~AAv@]hBEp@Mn@YxC_@ZSdDYn@?v@Gl@Sl@Kl@En@SfAAtADLXVh@Bf@T`@\BXM\lAP|A?\XfATf@Bf@N~@v@d@Nd@HXCd@HxBJvAl@XF\VnBf@j@FLX`@D^JJHbCr@f@HxAn@h@JlADXF?f@l@Id@UrAKjAUb@Ox@E~Ci@fAEvBUxCg@`BEpA_@lAIt@@\`@DfA`@zCCNVd@v@d@dAz@pALlAUdA_@xBUf@?HF`@jAQf@Rf@V^HXCHa@^iAp@kB~@kBf@iBv@iA^kADg@EqBd@wCdA{ErByB~By@dAsBrE]Za@PsBTeAb@a@VmALe@Ec@MaBeA_ASi@AeA^_@T[f@On@Al@@t@Fp@Rj@X`@dCbB|B~B`@ZfB`AjAXlADpBApBUrBHf@H|ApA|@`A`@ZjB~@bAp@rDxDn@jAf@pAr@hC~A|Cv@`A^Xb@PlAJhAW\WXe@Tk@^wAPaBLs@f@uAVg@v@_AXg@l@uAPm@Xi@|AaBd@UpAOpAFd@CvBDf@ClA]b@UrAeBb@_@dAo@d@Mh@Gf@@|Dn@d@Dd@EfAg@\]x@kALm@Fu@Bo@Cs@YaBQo@[q@Yi@oAiBeAyBKo@Ui@a@qEMq@]uCm@iBUk@]e@kAoBaA_AcAo@wCkAg@KkAAkADe@H{EpBi@Je@@e@CmAHqBr@I?k@qAg@_BH[aAZiGn@e@Ac@O{@{@u@]c@]Mm@GqEGUy@DmAPiA@kATeAHqBFkANwBj@a@TmAHe@?c@JwBAa@LkARm@HSEUg@[Ue@@c@QuBOoBc@{@c@mA]_@Yc@Oe@?mAKkAWsDaAeAi@[Io@@c@QwHgBkAa@gAOa@_@WaCCeAFuAAcAIy@?o@FgAPi@t@{DDu@Lo@Tq@Jk@Js@@y@RsCHWVKH[DENyCCaBFu@@qBCw@Fw@La@Ho@Bq@?aBFm@?iBDs@A}ATu@NgBAs@KgBIs@[_BCq@?c@FYL[NMKHc@Dg@@aBWg@@YOqAMo@Ai@Lm@O_DCSe@QoCIs@TyCC?Ed@UzD
96,name,2018-10-12T18:46:26Z,40.676139,-73.949905,Run,7787.8,ypgwF|ijbMQzCIl@Et@@l@Gn@At@C`GKp@]xAStCO`BMj@En@k@jBKr@An@Uf@Kn@a@~AQj@Wj@Kp@Ar@@~AZZf@Nh@Hf@BpA^z@Ph@?j@HlA`@d@@b@HZx@v@Tf@DbARLNf@Jd@Mj@LlA`@f@JV@\Lf@FpBn@dAf@HVd@JdA^~Bj@rAPd@NlAKvB[HBnAKh@IbAYnALh@@b@G`@a@pAIj@Dd@@nAE~@ShAEf@?b@Kv@WT\lBk@NJxBSlASb@Of@IPERb@Tt@F\Xk@`@Wd@SL?Xd@Jp@j@rCBn@Jn@FJDd@DPVrAf@vAHX_@d@gAp@gAh@e@LkAh@g@Ne@Vg@Lm@Vi@LiANe@?iAPoBv@kA^iAd@e@ZE[hAi@rCmAdAm@bEIf@K^Uj@m@F_AMUg@i@D@bBhAb@Jf@Bd@Ob@Sb@YhAi@b@[NUOm@_@y@Q_Ac@CUFg@DeEl@g@Bc@IcA}@_AcAMBOMU{@QeDG}@oBXkGr@aCd@mADoARa@NkALc@?i@Dg@?yD`@e@BQCSSs@K[?e@Ii@Aq@QoBq@uCqAa@Kc@OC@g@GiAWe@Ee@MiAMe@Og@G_@c@c@Cc@QiA_@]?KHOIe@MkASSIWSwCy@mAYiAE]IFe@@}@Eg@@}@GuAXgAA}@TyBj@gDX}@PgBV}A\wCPkC?g@TS@gFBu@LcA@_GCs@DkBHu@HcBF{CEcCBm@Fq@OqCLgBJq@Bo@BKe@EoABi@IoACa@@SCi@AsBU_BASC
97,name,2018-10-09T18:39:33Z,40.678329,-73.944314,Run,9682.7,o~gwF~fibM`@]pAYjAXTGB?Cr@LlBJt@Ct@OdB@HGdBBt@P`@XBTAf@ONHLxCFxCAl@Gn@@p@M`BAn@Ep@CrEFn@Ct@Kn@Cp@A|@g@REHIz@Br@ClBKn@[fEYzAS~AQn@QhEFv@@t@Mr@k@rAMl@a@zCk@lCWzCKfBMl@El@c@tCu@`G@XhAvBAx@Kp@o@Rs@Ig@|Am@tCwAdG`@v@YdB]dBSp@Q~AW~A]l@Gl@Cv@BPu@lDONQj@Ip@Ah@c@lBGn@U|@?VJZC@Qh@[~Ac@dADx@?XDMu@nAMd@E|@G|@S|@IZUh@k@~@Un@Mj@UXUd@Oj@Pd@W|ASl@q@pAQj@o@pAQf@U|AOp@]d@Ir@Uh@s@bCUl@Et@In@Sh@o@jA_BjEADNh@[`BSl@_@b@Uh@Op@Yd@Wj@Mf@@\Yb@o@jCSn@m@zAi@rC_@~AMVW^[vAALRx@qBvECb@c@Mc@G_@SiASEBkBu@e@Mg@Ge@Me@Ga@QUCKIYGaAm@_@IDFd@LNU^ZNHdAb@h@J|Ar@pAZFEh@BHBh@\f@LdAd@b@Fp@mAj@yAh@_Bd@_BRg@h@aBKy@j@uA\eBv@oCRm@T_@BUh@qAVe@|AaFZcBVg@h@qANm@d@uA`@aCQi@V{@VaBVm@Pq@Re@t@oAvAiDTo@No@r@}BFs@Mm@l@uBhA{Cl@qBj@sAEy@Xm@Ho@Lg@f@{AJk@Xg@Lc@Ju@SuALo@^_@No@Js@HgBNkBEw@Bs@Z{@Bm@Nw@\iEBw@N{ARqAVw@DkAN[RY`@}AHcBd@uCFw@XyB^}ADi@Mk@Ho@^}AHm@LgBToB@g@RmCj@eD`@sCHaAR_BT_BLeBv@gEP}AZaBLi@@a@Xc@PeBNs@X{CLm@@u@HeBDq@FcB?yEHeBD}CTeGCs@DyCE_@Dw@Ao@LaBEs@Cw@Dm@Bu@?iCcAMs@@]_@WCaEYO@
98,name,2018-10-07T18:32:51Z,40.677448999999996,-73.944683,Run,8370.5,_ygwFhiibMEn@?tCKl@M~ABzAh@Fp@Bh@GZDP|AAt@Ul@Kl@?r@WdBEr@@n@DNAj@l@l@CPCn@Y`BOpC@n@U|AAp@BLIh@?dAKbBAt@Mx@QtBIn@Sh@Ap@Up@AnBBv@m@jCOdBQjAQl@IfAUZMn@Gp@W~AY|C}@jF?r@Gn@YhAKr@]zA?NQlBJ\WbB_@xAQ|Aq@dEYfEEbA@Li@vAQj@Mr@?t@OjB[~ASdBIhAFTUxCKp@k@pA]pBWdBGbBPXQNKdAMn@Qn@@v@IdBALSh@o@rACVUf@e@xAUh@o@jAc@`Bi@lAIx@Sh@gA`CBr@Od@c@fBSl@Il@Er@Kl@Ql@cApBIv@Qh@[xAgC`Gm@lA?VMl@Wj@Op@iApBQl@Wj@Qn@cA|B_@dBg@|AOr@MjAP^Mp@a@z@JLPk@R_@HEXa@Vm@j@oCPm@Te@Fo@Tm@p@mAbAyBPm@|@}B@w@No@|@cCLk@Ro@Vk@f@yAB[a@u@R}@R{ATe@Pk@Tg@h@{@Nw@`@oAt@sAZc@FYb@uAXa@EuAZ_BTc@Pm@Tk@Po@Rg@d@sAXg@Jo@?m@E[Nm@Z_@PMJk@Tm@TaB`@_@Hm@Ay@SoBDs@Lk@Di@Ve@b@_BFs@Ay@Bu@Ho@Vi@\c@Te@E{@M}@?q@FgBZuC\yAVu@GYJq@d@uAHq@Lm@Gk@Bq@\}AAs@Vy@Bo@Jm@\g@Ay@Ge@L}@b@_BDc@j@sCRg@?s@NaBFgBJqAPm@V}AJ]F_ANq@Ay@Fs@Jk@LaBd@}B`@{ALcBTeAVe@Gm@Xc@Tc@Ls@\iEXiB?_@BWKk@DcBAs@Bu@Js@?}CDaBAoAD{@Ig@IsC?cBDq@AgDHs@Aq@Li@Do@Cm@BeBLeB@q@Fa@y@Ka@WMDU?SK}@EyA[qA@
99,name,2018-10-05T18:27:01Z,40.676621999999995,-73.94435899999999,Run,4832.2,{sgwFfgibMm@Wd@Bf@Hd@ExBJHJ?jBCBCh@It@Or@KVGp@Ap@Np@Gr@Ml@FfBCt@Gx@Cn@Ax@@t@IjB@p@Cd@`@~@Gv@}@c@?bBCPQ|E@tCGhBGl@WhBMn@W|Cg@bDEl@a@xCMbBWtBQp@Mp@@HGl@GR[zBCn@Wn@Ir@Dv@Gl@Qr@Et@Kp@Wx@Ir@On@MdBIt@@HOlBa@bBIl@Oj@GFS`DOdB_@pCc@~A]zCBLm@`DSzBI|AWjDBsAXqC^mGHM^_BCs@Fo@Ns@Fs@VeBVcAHM@o@Ho@DKNyA@o@Fi@Ho@ZmADkBHq@h@cCDq@?s@P{@H_BRo@?GTm@Fs@@o@TaBTi@TcBNq@Bu@LgBFeBx@gEFyARm@FcB\}AHq@Du@Z_BJ]Hq@Pe@Ju@MmA?q@NcB@u@Eo@HyCHm@Bw@Cq@UqC@q@Jm@@WT]@a@KsAAo@Bo@GcBPkBAs@Hm@?kBLeBKEe@Ca@Hw@Eg@GuAE
100,name,2018-10-03T18:30:42Z,40.676469,-73.94429000000001,Run,6462.4,{rgwFxfibMd@Dd@Hb@@f@Hf@Gh@MXF]X[PGr@[vBOn@[r@Bl@?p@O`BNv@A`BOxCKl@?p@Dr@BbACvABbDCr@U~AGr@DzAAxAH\KbBGr@YbBGFMj@UbBi@vE[hBGjBc@jCIr@a@~A?t@Gn@G^@HEn@a@lC[tCiAfF@p@e@lCW|CAVBF[vBMp@El@Kf@@`@g@lCWjBUnCYbBa@fEMt@Cn@SfBYbB_@lD[~BEn@e@hCMbB]tCSbCQnA[b@]\aBpAy@hA}@`AcAr@aAf@o@Mi@J_@Tc@P_B~@}@n@`@_@RWWcA`@]Xi@d@Sn@U|@e@p@Qf@QhAk@d@MXSJw@Bm@dA]`@Ch@MZQNcBLOBIFm@n@wCHu@@q@EqAh@sBXyC^_BDq@Jm@Bo@R}ADo@T}AAi@Ds@XaBPgB`@aBRcBPoCFWLQJq@JcBReBVi@?q@d@mEHo@Nm@Hs@RcATuCRq@Ls@NaBBs@Fm@?Cb@I^{ATcB@q@d@iEFw@HcBESTo@@OH{C^yAPcB\_BLcBB_INcBNiEEgBJaDBsCEu@Is@RkBCq@?o@Ho@Fw@Aq@Ds@Aq@Ho@Nk@JMy@I]J_AMq@Qa@A_@I{@E
101,name,2018-10-01T18:49:34Z,40.677554,-73.95316600000001,Run,2245.4,uygwFh~jbMk@rCIn@U`@Gp@_@bBYrCSj@YzAWbB_@FMr@c@jEG`@EAN_BR_BVqCVaBZ}D\g@V}AXmEZeCXCDgBIu@@QBs@Ls@Hs@Bo@IyAVoBNwEEo@B]Ne@JoDImBQEi@@[@a@Hg@GmAGe@@c@?i@KGCKk@GmFIu@@w@Fk@Bs@P{@@q@PmE?iBF{@ENGt@?vGEp@TD|AH
102,name,2018-09-23T12:00:00Z,40.677138,-73.93866,Run,4685.0,awgwFrchbMBo@CEAWAw@LoECa@F_DLs@Bs@B}EBo@AaAR}CJ_D@u@Aq@BiBHeBAMHeAAUBm@Ho@FgBFq@E_@Aq@BqCNWXW@]?cBEs@M}@DoAHs@Au@Fo@DgAAG@k@I{@TqCEs@LwCE[^mACs@@kCZiE?sAQkCDeB^aGHqBLgB@yBBs@Ao@HyCMUUvCHr@B`BAdAKrBE`@KbBCt@ErHEtAKjA?bDAn@BbBElBGp@EzCEv@MpECjBCt@?bBIr@EdB?p@DdBCr@In@?XOfBAr@QfBIbBEbCJz@Cl@GdGBf@Ef@Ar@Il@GbBSbBMdBGzCJdDIn@BzCAp@GdB?r@GfCEr@IhGM~ABlBFd@W`D?zCKjEETiAFWAg@Me@Ek@?u@B
103,name,2018-09-18T19:28:07Z,40.683193,-73.957525,Run,1621.3,}|hwFpykbM?u@Co@Gu@KmBlAUnAMf@@JE\c@FCf@Kd@@hAQN?NEHo@Ds@J_@C{@J}@@o@XeANo@OCa@F[]f@Cv@MFqABkBHq@@q@?s@Gy@@YYC[_@Co@UiBEo@Ig@AULGfAW\GNFFw@AgBDq@CuCJw@EeBBInBDNo@Jm@@SDATc@J}CCgB@eBHs@NMLG`@CbAHNBA@
104,name,2018-09-14T19:05:30Z,40.669762,-73.944975,Run,4111.5,_ifwFbkibMDzB?zHEtCIlBArCSzCEvC@dAGdBGn@?fBElBDRKv@Cp@EbBBt@GjBKfB[tCEp@WbBShBSv@a@~COn@MfB[|AEr@UbBGn@Kn@QxBk@`EMl@[nCKh@Fa@LqCz@mFDq@Z{A`@qCb@gEXgBTkCV}ABo@|@qFPeBAo@HoA?s@Es@BeBDi@HWDmBFo@N_DDgBDm@?iBGQBuCJoAAs@Bw@Hs@AwC@s@HcB?gBEs@HoDDo@?USIy@?oAGe@?c@GiAKoA?qAGQEk@EyCCk@Ei@?i@Ic@@g@GaA]oABsAAc@@i@Ae@Ee@?e@E]Ik@Cc@Kg@Eg@Ge@?y@G_@]g@GqBD
105,name,2020-02-12T21:31:42Z,28.035056,-82.657165,Run,4374.9,esbjD|aowNeF}FvPwr@cr@|ATh~@Nl_@`OFdNqh@
106,name,2020-02-10T19:24:18Z,28.035056,-82.657165,Run,2938.5,oqbjDpeowNqGwI~VqdAza@ieA?t^qOxR
107,name,2020-02-10T18:38:00Z,28.035056,-82.657165,Run,6445.1,kqbjDhfowNrR_YtM~y@{Mzf@
108,name,2019-06-13T16:50:58Z,28.035056,-82.657165,Run,6446.6,{pbjD|howN|QgX`Ofv@j`AxJ}@mTwx@N
109,name,2019-06-10T21:23:09Z,28.035056,-82.657165,Run,4592.8,{pbjD|howN|QgX`Ofv@j`AxJ}@mTwx@N
110,name,2019-02-09T08:44:29Z,28.035056,-82.657165,Run,7722.9,kqbjDzgowNwLp]~PtIxBiDyKaGxByCjJbHjAwIwCgJyBmE
111,name,2019-02-08T18:15:18Z,28.035056,-82.657165,Run,8677.9,kqbjDzgowNwLp]~PtIxBiDyKaGxByCjJbHjAwIwCgJyBmE
112,name,2019-02-06T21:48:55Z,28.035056,-82.657165,Run,15601.1,_objDpcowNqOx`@}Qnz@|YrGl@yJ`PyCtDmE_Hc@\{KhBwQdDkDfDoMqGe_@
113,name,2019-02-04T21:03:25Z,28.035056,-82.657165,Run,8275.5,{qbjD|howN|RyY|Hvg@aPlEaGxRpGvBwC`NnGQdDqGtDaG|HsHsEwI
114,name,2019-02-03T16:43:49Z,28.035056,-82.657165,Run,6657.1,{qbjD|howN|RyY|Hvg@aPlEaGxRpGvBwC`NnGQdDqGtDaG|HsHsEwI
